SITE,BO95_1,BO95_2,BO95_3,BO95_4,BO95_5,BO95_6,BO95_7,BO95_8,BO95_9,BO95_10,BO95_11,BO95_12,BO96_1,BO96_2,BO96_3,BO96_4,BO96_5,BO96_6,BO96_7,BO96_8,BO96_9,BO96_10,BO96_11,BO96_12,BO97_1,BO97_2,BO97_3,BO97_4,BO97_5,BO97_6,BO97_7,BO97_8,BO97_9,BO97_10,BO97_11,BO97_12,BO98_1,BO98_2,BO98_3,BO98_4,BO98_5,BO98_6,BO98_7,BO98_8,BO98_9,BO98_10,BO98_11,BO98_12,BO99_1,BO99_2,BO99_3,BO99_4,BO99_5,BO99_6,BO99_7,BO99_8,BO99_9,BO99_10,BO99_11,BO99_12,BO00_1,BO00_2,BO00_3,BO00_4,BO00_5,BO00_6,BO00_7,BO00_8,BO00_9,BO00_10,BO00_11,BO00_12,BO01_1,BO01_2,BO01_3,BO01_4,BO01_5,BO01_6,BO01_7,BO01_8,BO01_9,BO01_10,BO01_11,BO01_12,BO02_1,BO02_2,BO02_3,BO02_4,BO02_5,BO02_6,BO02_7,BO02_8,BO02_9,BO02_10,BO02_11,BO02_12,BO03_1,BO03_2,BO03_3,BO03_4,BO03_5,BO03_6,BO03_7,BO03_8,BO03_9,BO03_10,BO03_11,BO03_12,BO04_1,BO04_2,BO04_3,BO04_4,BO04_5,BO04_6,BO04_7,BO04_8,BO04_9,BO04_10,BO04_11,BO04_12,BO05_1,BO05_2,BO05_3,BO05_4,BO05_5,BO05_6,BO05_7,BO05_8,BO05_9,BO05_10,BO05_11,BO05_12,BO06_1,BO06_2,BO06_3,BO06_4,BO06_5,BO06_6,BO06_7,BO06_8,BO06_9,BO06_10,BO06_11,BO06_12,BO07_1,BO07_2,BO07_3,BO07_4,BO07_5,BO07_6,BO07_7,BO07_8,BO07_9,BO07_10,BO07_11,BO07_12,BO08_1,BO08_2,BO08_3,BO08_4,BO08_5,BO08_6,BO08_7,BO08_8,BO08_9,BO08_10,BO08_11,BO08_12,BO09_1,BO09_2,BO09_3,BO09_4,BO09_5,BO09_6,BO09_7,BO09_8,BO09_9,BO09_10,BO09_11,BO09_12,BO10_1,BO10_2,BO10_3,BO10_4,BO10_5,BO10_6,BO10_7,BO10_8,BO10_9,BO10_10,BO10_11,BO10_12,BO11_1,BO11_2,BO11_3,BO11_4,BO11_5,BO11_6,BO11_7,BO11_8,BO11_9,BO11_10,BO11_11,BO11_12,BO12_1,BO12_2,BO12_3,BO12_4,BO12_5,BO12_6,BO12_7,BO12_8,BO12_9,BO12_10,BO12_11,BO12_12,BO13_1,BO13_2,BO13_3,BO13_4,BO13_5,BO13_6,BO13_7,BO13_8,BO13_9,BO13_10,BO13_11,BO13_12,BO14_1,BO14_2,BO14_3,BO14_4,BO14_5,BO14_6,BO14_7,BO14_8,BO14_9,BO14_10,BO14_11,BO14_12,BO15_1,BO15_2,BO15_3,BO16_1,BO16_2,BO16_3,OV15_1,OV15_2,OV15_3,OV16_1,OV16_2,OV16_3,TC,AHAB_95,AHAB_96,AHAB_97,AHAB_98,AHAB_99,AHAB_00,AHAB_01,AHAB_02,AHAB_03,AHAB_04,AHAB_05,AHAB_06,AHAB_07,AHAB_08,AHAB_09,AHAB_10,AHAB_11,AHAB_12,AHAB_13,AHAB_14,AHAB_15
ALSEA ELK,.,1,.,.,.,1,.,0,.,1,.,.,.,0,.,.,.,.,.,.,0,1,.,.,.,0,.,.,0,1,.,0,.,.,0,.,.,0,0,.,.,0,.,.,.,.,.,.,.,.,.,1,1,.,0,0,.,0,.,.,.,.,.,.,0,0,.,0,.,.,0,.,.,.,.,.,0,.,0,0,.,0,.,.,.,0,.,.,.,.,.,.,0,.,.,0,.,0,.,.,0,.,.,1,.,.,0,.,1,.,.,.,0,0,.,.,.,.,0,.,0,.,.,.,.,.,0,.,.,.,1,1,.,.,.,1,.,.,.,.,0,.,.,1,.,0,.,.,.,0,.,1,.,.,0,.,.,0,.,.,.,.,0,.,.,.,.,1,0,.,.,.,.,0,.,.,.,0,.,.,0,.,.,.,.,.,0,.,0,.,.,.,.,.,.,0,.,.,.,1,.,.,.,1,.,.,0,.,.,.,.,0,.,0,.,.,.,.,.,0,.,.,.,.,.,1,.,0,.,.,.,0,.,.,.,1,.,1,1,1,.,2,2,.,.,.,0.086,0.723,0.986,0,0,0,Treatment,202,202,202,203,203,204,205,205,205,204,205,205,206,202,202,202,201,199,199,199,199
ALSEA RIVER,.,.,.,0,.,0,0,0,.,.,0,.,.,.,.,.,0,.,0,0,.,.,.,.,.,0,.,0,0,.,0,.,.,.,.,.,.,0,0,0,.,.,0,0,0,.,.,.,.,.,0,0,.,.,.,.,.,.,.,.,.,0,.,0,.,.,0,0,.,.,.,.,.,0,.,0,.,.,0,0,.,.,.,.,.,0,0,0,.,.,.,.,.,.,.,.,.,0,0,0,.,.,1,0,.,.,.,.,.,0,0,0,.,.,0,0,.,.,.,.,0,0,0,0,.,.,.,.,.,.,.,.,0,.,.,0,.,0,.,.,.,.,.,.,0,.,.,0,1,.,.,0,.,0,0,.,0,.,0,0,.,.,0,.,.,.,.,.,0,0,0,0,0,0,.,.,.,.,.,.,0,.,0,.,.,.,0,0,0,.,.,.,.,0,.,0,0,.,.,.,.,.,.,.,0,.,0,0,.,.,0,0,.,.,.,.,0,0,0,.,.,.,0,.,.,.,.,.,.,0,0,0,0,.,.,0,.,.,.,.,1,1,1,0,1,1,0.574,0.747,0.647,0.687,0.711,0.563,Control,104,108,114,111,112,117,116,118,127,131,130,129,130,123,117,108,117,96,95,94,86
BALDY MOUNTAIN,.,0,0,.,0,0,.,.,.,0,.,.,.,.,.,.,0,.,.,.,.,.,.,.,.,0,.,0,.,0,0,.,0,.,.,.,.,.,0,0,.,.,.,.,.,.,.,.,.,.,.,.,0,.,.,0,.,0,.,.,.,.,.,.,.,0,0,.,.,0,.,.,.,.,.,0,.,0,.,.,.,.,.,.,.,.,0,.,.,.,0,.,.,0,.,.,.,.,1,.,.,.,.,0,.,.,.,0,0,.,.,.,.,.,.,0,.,.,0,.,.,0,.,.,.,.,.,.,1,0,.,.,.,.,0,.,.,0,0,.,.,.,.,.,.,.,0,.,0,.,.,.,0,0,.,.,.,.,.,.,0,1,.,0,0,0,.,.,0,.,0,0,0,.,0,.,.,.,.,.,.,0,0,0,.,0,0,.,0,.,.,.,.,0,0,.,0,.,0,.,0,.,.,0,.,.,1,.,.,.,0,.,.,0,.,.,0,.,.,.,.,1,.,.,.,0,.,0,.,.,1,.,.,1,.,1,.,.,.,0,.,2,3,2,4,2,0,0.845,0.758,0.845,0.914,0.845,Control,447,447,448,447,445,443,443,443,441,438,437,441,439,437,438,435,432,428,428,425,425
BALDY TRIB,.,0,0,.,0,0,.,.,.,.,.,.,0,.,.,.,1,0,.,.,0,0,0,.,.,0,0,.,0,.,.,.,.,.,.,.,0,.,0,.,0,.,.,.,.,.,.,.,.,0,0,.,0,0,.,0,.,0,.,.,.,.,.,0,0,0,.,.,0,.,.,0,.,.,0,.,0,0,.,.,.,0,.,.,.,.,0,.,.,.,.,.,0,0,.,0,.,0,.,.,.,.,.,.,0,.,.,0,.,0,.,.,.,.,.,0,.,.,.,0,0,.,0,0,.,.,0,.,.,0,.,.,.,.,0,.,.,.,.,.,0,.,0,0,.,.,0,.,.,0,.,.,.,0,.,.,.,.,.,.,.,.,1,.,.,.,0,.,.,0,0,0,.,0,0,.,.,.,.,.,.,.,0,0,.,.,.,1,.,1,.,0,.,.,.,.,0,.,1,0,.,.,.,1,.,.,.,0,.,.,1,.,1,.,1,.,.,1,.,.,.,.,.,.,.,1,.,1,.,.,.,.,0,.,1,0,.,0,.,0,.,0,4,4,4,4,0,0.288,0.701,0.701,0.701,0.701,Control,328,332,332,332,329,331,331,333,330,331,334,333,328,327,324,324,320,318,318,318,318
BARBER CREEK,.,0,.,0,.,0,.,.,.,.,.,.,.,0,.,0,0,.,0,0,.,.,.,.,.,0,0,.,0,.,.,.,.,.,.,.,.,0,0,0,.,.,0,0,0,0,.,.,.,.,0,0,0,0,0,0,.,.,.,.,.,.,0,.,0,.,.,.,.,.,.,.,.,.,1,0,.,1,.,.,.,1,.,.,.,.,.,0,1,0,.,0,.,0,0,0,.,.,.,.,1,.,0,0,.,.,.,1,.,.,.,0,.,.,.,0,0,.,.,.,.,.,.,.,0,1,.,.,.,.,1,0,.,.,.,.,.,0,0,1,.,.,0,.,.,.,.,1,.,.,0,.,.,.,.,.,.,.,.,.,.,1,.,.,1,.,0,.,.,0,0,.,0,.,0,1,.,0,1,.,.,.,.,.,1,.,.,0,.,.,1,.,.,.,.,0,0,.,1,.,0,.,.,1,.,0,.,.,1,1,.,.,.,1,.,.,.,0,0,1,.,.,.,1,.,.,1,.,.,.,.,.,1,1,.,.,.,1,.,0,.,.,1,.,.,.,0,0,0.243,0,0,0,Treatment,596,599,600,600,597,599,602,599,602,597,597,599,597,589,588,587,584,583,583,583,580
BEAR CREEK WEST,.,.,.,.,0,.,.,0,0,0,0,.,.,.,.,0,0,0,.,.,.,0,.,.,.,.,0,0,.,.,0,.,0,0,.,.,.,.,.,.,.,.,0,.,0,.,.,.,.,.,.,0,.,.,.,0,.,.,0,0,.,0,.,.,.,.,0,.,.,.,0,0,0,.,.,0,.,0,.,.,.,.,.,.,.,.,0,0,0,0,0,0,.,0,.,.,.,.,.,0,.,0,.,.,.,.,.,.,.,0,0,.,.,.,0,0,0,0,0,.,.,0,.,.,0,.,.,.,.,.,.,.,.,0,.,0,0,0,.,.,.,.,.,.,0,0,.,.,.,0,.,1,.,0,.,.,.,.,1,.,0,.,.,0,.,0,.,.,.,.,.,1,.,.,.,0,.,.,.,1,.,.,0,0,0,1,.,0,1,.,.,0,.,.,0,.,1,.,.,.,.,.,0,.,.,.,1,.,.,.,.,.,1,.,0,0,1,.,.,.,.,1,.,.,.,.,1,.,.,.,1,.,.,.,0,.,.,0,.,.,.,4,6,.,.,.,0,1,1,0,0,0,Treatment,292,289,290,288,287,286,286,284,287,286,285,283,279,280,276,276,275,271,270,270,270
BERNHARDT CREEK,.,0,0,.,0,0,.,.,.,.,.,.,.,0,0,.,0,.,0,0,0,.,.,.,.,0,.,0,.,.,0,0,0,.,.,.,.,0,.,0,0,.,.,.,.,.,.,.,.,0,0,0,.,.,0,0,.,.,.,.,.,0,.,0,0,0,0,.,0,.,.,1,.,.,.,1,.,1,.,.,.,0,0,1,.,.,0,.,0,.,0,.,.,.,.,.,.,0,0,.,0,.,0,0,0,.,0,.,1,0,.,.,1,.,.,.,.,.,1,.,0,.,.,.,.,.,1,.,.,0,.,.,0,.,1,.,.,.,.,0,.,.,0,.,1,.,.,.,0,.,.,.,.,1,.,.,.,1,.,.,.,.,.,.,.,0,.,0,0,.,.,.,.,1,1,.,1,.,.,.,1,.,.,.,.,0,.,.,0,.,.,.,.,.,1,.,.,.,.,.,1,.,.,1,.,.,.,.,0,.,.,1,.,.,1,.,.,.,.,0,.,0,.,.,.,1,1,.,.,1,.,.,.,1,.,.,.,0,.,.,0,0,.,.,2,1,0.135,0.356,0,0,0.356,0.356,Control,468,468,469,472,471,471,473,473,471,474,472,468,469,467,465,468,469,457,456,449,449
BLACHLY,.,.,0,.,.,0,0,.,0,.,.,.,0,0,0,.,0,0,0,0,0,.,.,.,.,0,0,0,0,.,.,0,.,.,.,.,.,0,0,0,.,.,0,.,.,.,.,.,.,.,0,0,.,.,0,0,.,.,.,.,0,.,0,.,0,.,.,.,.,.,.,.,.,0,0,.,.,.,0,0,.,.,.,.,.,.,0,0,0,0,0,0,.,.,.,.,.,0,0,.,0,0,.,.,.,.,.,.,0,.,0,0,.,0,0,0,.,.,.,.,.,0,.,0,0,1,.,.,.,0,0,0,0,.,0,.,1,0,.,.,0,0,0,0,1,0,0,1,0,.,1,.,.,.,0,.,.,1,0,.,1,0,0,0,.,0,.,.,0,.,0,.,0,.,.,1,.,.,1,.,0,.,0,0,.,0,0,1,.,0,.,.,.,0,.,0,1,.,.,.,.,0,.,.,.,0,1,0,.,.,1,0,0,1,.,.,0,.,0,0,0,0,.,0,.,.,1,.,.,0,.,.,.,.,0,.,.,1,.,.,.,0,2,1,2,0,0,0.995,0.612,0.923,0.995,0.164,Control,30,29,29,28,28,27,29,28,28,27,31,33,39,37,35,29,28,24,24,24,24
BLACHLY EAST,.,.,0,.,.,0,0,.,0,.,.,.,0,0,0,.,0,0,0,0,0,.,.,.,.,0,0,0,0,.,.,0,.,.,.,.,.,0,0,0,.,.,0,.,.,.,.,.,.,.,0,0,.,.,0,0,.,.,.,.,0,.,0,.,0,.,.,.,.,.,.,.,.,0,0,.,.,.,0,0,.,.,.,.,.,.,0,0,0,0,0,0,.,.,.,.,.,0,0,.,0,0,.,.,.,.,.,.,0,.,0,0,.,0,0,0,.,.,.,.,.,0,.,0,0,0,.,.,.,0,0,0,0,.,0,.,0,0,.,.,0,0,0,0,0,0,0,0,0,.,0,.,.,.,0,.,.,0,0,.,0,0,0,0,.,0,.,.,0,.,0,.,0,.,.,0,.,.,0,.,0,.,0,0,.,0,0,0,.,0,.,.,.,0,.,0,0,.,.,.,.,0,.,.,.,0,0,0,.,.,0,0,0,0,.,.,0,.,0,0,0,0,.,0,.,.,0,.,0,.,0,0,.,.,0,0,0,.,.,.,.,2,0,3,4,.,0,0.855,0.293,0.64,0.855,0,Control,25,28,25,27,26,27,26,12,12,16,14,17,17,15,14,16,12,10,10,10,10
BOYLE CREEK,.,0,0,.,0,0,.,.,.,.,.,.,0,.,.,0,.,0,.,0,.,0,.,.,0,.,0,.,.,.,0,0,0,.,0,.,0,.,0,0,0,.,0,.,0,.,.,0,0,0,0,0,0,0,.,.,.,1,.,.,.,1,.,1,.,1,0,.,.,1,.,.,.,.,0,.,.,1,.,.,.,1,.,.,.,.,0,0,.,.,.,0,0,0,.,0,.,.,.,0,.,.,0,.,0,.,.,.,.,.,.,.,1,.,.,1,.,.,1,.,.,1,.,.,.,.,.,.,.,0,.,0,.,.,.,.,.,.,1,.,.,0,.,1,.,.,0,.,.,.,.,1,.,.,.,1,.,.,.,0,.,.,.,0,.,.,.,0,.,.,1,.,.,.,.,1,.,.,.,1,.,0,.,.,0,.,.,.,0,.,.,.,.,.,.,.,0,.,.,.,0,.,1,.,.,.,.,.,.,0,.,.,.,1,.,1,1,.,.,.,.,.,.,.,.,1,0,.,.,.,.,.,1,.,.,.,.,0,.,0,0,.,2,.,.,.,0.346,0.065,0.7,0,0,0,Treatment,202,203,204,205,205,208,209,210,213,211,214,211,196,196,196,196,195,195,192,192,192
BRIAR CREEK,.,.,0,.,0,0,.,0,.,.,0,.,.,0,.,0,.,.,.,.,.,0,.,0,.,.,0,0,.,0,.,.,0,.,.,.,.,.,0,.,.,.,0,.,.,.,0,.,.,.,.,.,0,.,.,0,.,0,.,0,.,.,.,.,0,.,0,.,0,.,0,.,.,.,.,0,.,1,.,.,0,0,.,.,.,.,0,0,.,.,0,.,0,.,0,0,.,0,.,.,.,0,.,.,0,.,.,.,0,0,.,.,0,0,0,1,.,.,.,.,0,.,.,0,0,.,.,.,.,.,.,.,.,0,.,.,0,1,.,.,.,.,.,.,.,0,.,0,.,.,0,0,0,1,.,.,.,0,1,.,0,0,.,0,.,.,.,.,.,.,0,0,0,1,1,.,.,1,.,.,.,0,.,0,.,1,.,.,.,.,.,1,.,0,0,.,0,1,1,0,.,0,.,0,.,.,.,1,.,.,.,1,.,.,.,1,.,.,.,1,.,0,0,.,.,0,0,.,.,1,.,0,0,.,1,.,.,.,1,0,3,4,5,2,7,5,0.367,0.561,0.874,0.861,0.705,0.861,Control,393,390,388,388,389,394,392,396,395,395,398,403,395,395,393,390,388,384,384,373,372
BRUSH CREEK,0,.,0,.,0,.,0,0,.,0,.,.,.,.,0,.,0,.,0,0,.,.,.,.,.,0,.,0,.,.,0,0,.,.,0,.,0,.,0,.,.,.,0,0,0,.,.,.,.,0,0,0,.,.,.,.,.,.,.,.,0,.,0,0,.,.,0,0,.,.,.,.,.,.,0,0,0,.,0,0,.,0,0,0,0,0,.,0,.,1,.,0,.,.,0,.,.,.,0,.,0,0,0,.,.,.,.,.,.,.,.,1,.,0,.,.,.,.,1,.,.,0,.,.,1,0,1,0,0,0,0,.,.,.,.,.,0,0,.,.,.,.,.,.,.,0,.,0,0,1,0,0,0,0,.,.,.,.,.,0,0,.,.,.,.,.,.,.,.,0,.,1,.,.,.,1,.,.,1,.,.,.,0,0,.,.,.,1,.,0,.,.,.,.,.,0,.,.,0,.,.,0,.,.,.,.,0,.,.,.,.,.,0,1,.,.,.,.,1,.,.,.,.,1,.,.,1,.,.,.,1,.,.,.,0,.,.,0,.,.,1,.,5,.,.,.,0.104,0,0.941,0,0,0,Treatment,506,503,502,499,499,497,497,501,502,500,501,497,496,495,495,492,488,485,483,482,480
BUCK CREEK,0,0,.,.,0,.,.,.,.,.,.,.,0,0,0,.,.,.,0,0,.,.,.,.,0,.,0,0,0,.,.,.,.,.,.,.,0,.,0,0,.,.,0,0,.,.,.,.,0,.,0,0,.,.,.,.,.,.,.,.,0,.,0,.,0,.,.,.,.,.,.,.,.,.,0,.,0,.,0,.,.,.,.,.,0,0,0,0,0,0,.,.,.,.,.,.,.,0,0,.,.,.,.,1,1,.,.,1,0,.,.,.,.,0,0,.,.,.,.,1,1,.,.,1,.,.,.,0,.,.,1,.,.,.,.,0,.,.,.,.,0,.,.,0,.,1,.,.,.,0,.,.,.,.,.,.,.,0,.,.,1,.,0,.,1,.,.,0,.,0,.,0,.,.,.,1,.,1,.,.,1,.,.,.,.,.,0,.,1,.,.,.,.,.,.,0,.,.,.,1,.,.,.,1,.,.,1,.,.,.,.,1,.,0,.,.,.,.,.,0,.,.,.,.,.,0,.,0,.,.,.,0,.,.,.,0,.,1,.,.,.,0,2,.,.,.,0,0.543,0.96,0,0,0,Treatment,88,89,90,89,90,90,91,90,88,90,88,89,88,88,88,88,86,85,85,85,85
CAPE HORN,.,0,0,.,.,0,.,0,0,0,.,.,.,.,0,.,.,.,0,0,0,.,.,.,.,0,.,0,0,.,.,1,.,0,.,.,.,.,1,.,.,.,1,.,.,0,.,.,.,0,1,.,0,.,0,.,0,0,.,.,.,.,.,.,.,1,0,.,.,0,.,.,.,.,.,.,.,0,.,.,.,1,0,.,.,.,.,1,0,1,.,.,.,0,.,.,.,.,0,.,.,.,.,0,.,.,.,0,.,.,.,.,0,.,.,.,0,.,.,0,.,.,.,.,0,0,0,0,0,.,.,.,.,.,0,.,.,.,.,.,0,.,0,1,.,.,.,0,.,.,0,.,.,.,0,.,.,.,.,.,0,.,.,0,.,.,.,.,.,0,0,.,.,0,.,.,.,.,.,.,0,.,.,0,1,.,0,.,0,.,.,.,.,.,0,0,0,.,.,0,.,0,0,.,.,.,.,0,0,.,0,0,.,1,1,.,.,.,0,.,.,.,.,.,0,.,1,.,.,.,1,.,.,0,.,.,.,0,.,.,2,0,2,.,.,.,0.691,0.543,0.626,0,0,0,Treatment,270,270,272,272,269,266,270,273,275,273,273,275,274,274,270,269,265,262,261,258,257
CEDAR CREEK,0,.,0,.,1,1,.,.,1,0,1,.,.,1,0,.,.,1,.,0,1,.,.,.,0,.,.,0,0,0,.,0,0,.,.,.,0,.,0,0,0,.,.,.,.,.,.,.,.,0,0,.,0,.,.,.,.,.,.,.,0,.,.,0,0,0,0,0,.,.,1,.,0,.,.,0,0,.,0,0,.,.,0,.,0,.,0,0,.,.,.,.,.,.,.,.,0,.,0,.,0,.,.,.,.,.,.,.,.,0,1,.,.,0,.,.,.,.,0,0,.,0,.,0,.,.,.,.,.,.,.,.,0,0,.,.,.,.,.,.,1,.,0,.,0,.,.,.,.,.,.,0,.,.,0,.,.,.,0,.,.,.,.,.,0,.,.,0,1,.,0,.,.,.,0,1,.,.,0,.,0,.,.,.,1,.,.,.,0,.,.,0,.,.,0,.,.,.,.,.,0,.,0,.,1,.,.,.,.,.,.,1,.,1,.,.,.,.,.,1,.,.,1,.,.,.,0,.,.,.,.,0,.,1,.,.,.,1,.,.,1,1,.,0,0,2,0.441,0.559,0.064,0.262,0.262,0.738,Control,362,367,368,370,365,362,366,367,371,371,372,374,381,379,376,372,366,362,360,360,358
CEDAR MILL,.,.,.,0,0,.,.,.,.,.,.,.,0,.,.,0,0,.,0,0,.,.,.,.,.,0,0,0,.,.,.,.,.,.,.,.,.,0,0,0,.,.,0,0,.,.,.,.,.,.,0,.,0,.,0,0,.,0,.,0,0,.,.,0,1,0,0,0,0,.,.,.,0,.,0,.,.,.,0,0,.,.,.,.,0,.,0,0,0,.,.,.,.,.,.,.,.,0,0,0,.,.,.,.,.,.,.,.,0,.,.,0,1,.,0,0,.,0,0,.,0,.,0,.,.,.,1,0,0,0,.,0,0,.,0,.,0,0,.,.,.,.,.,.,0,.,.,0,0,0,.,.,.,.,.,0,.,0,0,.,1,.,.,.,1,.,0,0,.,0,0,0,0,.,1,.,.,.,.,.,.,0,0,0,0,0,0,.,.,.,.,0,.,.,0,0,.,.,0,.,.,.,1,.,.,.,.,1,0,1,1,0,.,.,0,.,.,.,0,1,.,0,1,0,.,.,0,.,.,.,0,.,0,0,0,.,.,.,1,.,1,0,3,1,.,7,0.856,0.869,0.869,0.723,0.013,0.869,Control,171,168,169,156,147,149,148,146,144,143,142,139,136,138,135,134,133,132,132,132,130
CHICKAHOMINY CREEK,.,.,0,0,0,0,0,0,.,0,0,.,0,0,0,.,.,.,0,.,.,.,.,.,.,0,0,0,.,.,0,0,.,.,0,0,.,0,0,.,.,0,0,.,.,.,.,.,.,0,.,0,0,.,.,0,0,0,0,0,.,0,0,.,.,.,0,0,.,.,.,.,0,.,0,0,.,.,0,0,.,.,.,.,0,.,.,0,.,.,0,0,.,0,.,.,0,.,0,.,0,.,.,.,.,.,.,.,1,.,.,.,1,0,.,.,.,.,.,.,0,.,0,.,.,.,0,0,0,.,.,.,.,0,0,.,0,.,.,.,.,.,.,.,.,0,0,0,0,.,.,0,0,0,.,.,.,0,0,.,0,.,.,.,.,.,.,.,.,0,0,.,0,.,.,.,.,.,.,.,0,.,0,0,.,.,0,0,0,0,.,.,.,0,0,0,.,1,0,1,.,.,1,.,.,0,.,.,1,.,.,.,0,.,1,.,.,1,1,.,.,.,.,.,0,1,.,1,.,.,.,.,.,1,.,.,1,.,0,.,.,.,1,.,.,.,0,0,0.946,0,0,0,Treatment,22,26,29,28,28,26,25,25,25,24,22,24,21,21,23,21,21,20,20,20,20
CHICKEN CREEK,.,.,.,0,.,0,.,0,.,.,.,.,.,.,.,.,.,.,.,.,.,.,.,.,.,.,0,0,.,0,0,0,0,0,0,0,.,.,.,0,0,.,.,0,.,.,.,.,.,.,.,.,0,.,.,.,0,0,.,.,.,.,0,.,.,.,.,0,.,.,0,0,.,.,0,0,.,.,0,0,.,0,.,.,.,.,1,.,0,1,.,.,0,.,.,.,.,.,.,0,.,.,0,.,.,0,.,.,.,.,0,.,.,0,.,.,0,.,.,.,.,.,.,0,.,.,0,.,0,.,.,.,.,.,.,0,.,.,.,0,1,.,0,.,.,.,.,0,.,.,0,.,.,0,.,.,.,.,1,.,.,.,.,0,0,.,.,.,.,.,0,.,.,1,.,.,1,.,.,.,.,.,0,.,.,0,.,.,.,.,0,0,.,0,.,0,.,1,.,0,.,0,0,.,.,.,.,.,0,.,.,.,.,0,0,.,.,.,.,0,0,.,.,1,.,.,0,.,.,.,.,0,.,.,.,.,0,.,.,0,0,3,2,.,.,.,0.12,0.987,1,0,0,0,Treatment,146,150,155,171,178,170,180,179,182,172,151,119,106,101,94,87,88,77,76,63,63
CLEVELAND INDIAN,0,.,0,.,0,.,.,.,.,.,.,.,0,.,0,0,.,0,0,0,.,.,0,.,0,.,0,0,.,.,.,.,.,.,.,.,0,.,0,0,0,.,.,.,.,.,.,.,0,.,0,0,.,.,.,.,.,.,.,.,.,.,0,0,0,.,0,0,0,0,.,.,.,.,0,.,1,1,.,1,.,.,.,.,0,.,0,1,.,.,.,0,0,.,.,.,0,.,0,.,1,.,.,.,0,.,.,.,1,.,.,.,.,.,.,0,.,.,.,0,.,1,.,.,.,.,.,.,1,.,0,.,.,.,.,.,1,.,.,.,.,0,.,0,.,1,.,.,.,.,.,.,.,1,1,.,.,1,.,.,.,.,.,.,0,0,.,1,.,0,0,1,1,.,.,0,.,1,0,0,.,0,0,.,.,1,.,.,.,0,1,.,.,1,.,.,.,.,.,1,1,.,.,1,0,.,.,.,.,.,.,1,.,.,1,.,.,.,1,.,0,.,.,.,.,.,.,.,0,0,.,0,0,.,0,0,0,.,.,.,0,3,2,.,.,.,0.209,0.871,1,0,0,0,Treatment,346,344,340,341,341,340,340,341,341,341,343,337,334,333,335,336,335,331,331,331,330
CONGDON CREEK,.,.,0,.,.,0,.,.,.,.,.,.,0,.,0,.,0,0,.,.,0,.,0,.,.,.,0,.,0,0,.,0,.,.,.,.,.,0,0,.,0,0,.,.,.,0,.,0,0,0,0,.,.,0,.,.,.,.,.,.,0,.,.,0,0,0,0,0,.,.,.,.,0,.,.,0,.,.,0,0,.,0,.,.,.,0,0,0,0,.,.,.,.,.,.,.,.,0,.,0,0,0,.,.,.,.,.,.,0,.,0,0,.,.,0,0,0,.,0,.,.,1,.,1,1,1,.,.,0,0,.,.,0,0,0,.,0,.,.,.,.,.,.,.,1,.,0,.,1,.,1,.,.,.,0,.,.,0,.,.,.,1,.,.,.,.,1,.,.,1,.,.,.,.,1,.,.,.,0,.,0,.,.,.,.,1,.,.,0,.,.,.,.,0,.,.,1,.,.,.,0,.,.,.,.,.,0,.,0,.,.,.,.,0,.,.,.,.,0,1,.,.,.,1,1,0,.,0,0,.,.,.,.,0,.,.,.,0,.,.,.,2,4,3,5,4,0,1,0.937,1,1,1,Control,51,49,51,49,52,51,51,49,44,45,45,47,46,38,37,35,35,35,35,35,35
CONGDON CREEK SOUTH,.,.,0,0,.,0,.,.,.,.,.,.,0,.,0,.,.,.,0,0,.,.,.,.,.,0,0,0,.,.,0,.,.,.,.,.,.,0,0,0,.,0,0,.,.,.,.,.,.,0,0,0,.,.,0,0,.,.,.,.,.,0,.,0,0,.,.,.,.,.,.,.,1,.,.,0,0,.,0,0,.,.,.,.,.,0,0,0,0,.,.,.,.,.,.,.,.,0,.,0,0,.,.,.,.,.,.,.,0,.,0,.,.,.,0,.,0,.,0,.,.,0,0,0,0,.,.,.,.,.,.,.,0,0,0,.,.,1,.,.,.,.,0,.,.,0,1,.,.,.,.,1,.,.,1,.,.,1,.,.,.,1,.,.,.,.,0,.,.,1,.,.,.,.,1,.,.,.,1,.,0,.,.,.,.,0,.,.,0,.,.,.,.,0,.,.,1,.,.,.,0,.,.,.,.,.,0,.,0,.,.,.,.,0,.,.,.,.,.,0,.,.,.,0,.,0,.,.,0,.,.,.,.,1,.,.,.,1,.,.,.,4,0,3,1,5,0,0.848,0.173,0.962,0.848,0.962,Control,9,8,9,7,6,5,5,7,8,7,8,8,7,5,6,6,6,6,6,6,6
CONNECTION CREEK,.,0,.,.,0,0,0,.,.,.,0,.,0,.,.,0,0,.,0,0,.,0,.,0,0,.,0,.,0,0,.,.,.,.,.,.,.,0,0,0,0,0,.,.,.,.,.,.,.,.,0,.,0,0,.,0,.,0,0,.,.,0,.,0,0,.,0,.,.,.,.,.,0,0,0,.,.,.,0,0,0,.,0,.,.,0,0,.,.,0,0,.,0,.,.,.,0,.,0,0,0,.,.,.,.,.,.,.,0,.,0,0,0,.,.,.,.,0,0,.,0,.,0,0,.,0,0,0,0,0,.,.,.,0,0,1,0,0,.,.,.,.,.,.,.,0,.,0,0,.,.,.,0,.,0,.,0,.,1,0,0,.,.,.,.,.,.,.,0,.,.,0,0,0,.,.,.,.,.,.,.,0,0,.,.,.,0,0,.,.,.,.,.,.,0,0,0,0,.,.,.,.,.,.,.,0,.,0,.,.,.,.,.,.,.,.,0,.,0,0,0,.,.,.,.,.,.,.,0,.,0,.,.,.,0,.,.,.,.,.,2,6,3,0,4,4,0.786,1,0.977,0.513,0.75,1,Control,507,507,507,510,511,513,511,512,510,509,508,504,503,498,494,495,492,490,486,485,485
DEADWOOD TRIB,.,0,0,0,.,.,.,0,0,.,.,.,0,.,0,0,.,.,0,0,1,.,.,.,.,1,0,0,0,.,0,0,.,.,.,.,.,0,0,0,.,.,.,.,.,.,.,.,0,.,0,.,0,.,.,.,.,.,.,.,.,0,0,.,0,.,0,.,.,.,1,0,.,1,.,.,0,0,.,.,1,.,1,.,.,0,.,.,0,.,.,.,.,.,.,1,.,0,.,.,.,1,.,.,.,0,.,0,.,.,.,0,.,0,0,0,.,.,1,.,.,.,1,.,.,.,1,.,0,1,0,1,.,.,0,.,.,.,1,.,.,1,.,0,.,0,.,.,.,.,1,.,.,0,.,.,.,.,.,1,.,.,.,1,.,.,1,.,.,.,.,1,.,.,1,.,.,.,1,.,.,1,.,.,.,1,.,.,1,.,.,0,.,.,.,1,.,.,.,0,.,1,.,.,.,.,.,.,.,1,.,0,.,1,0,.,.,.,.,0,0,.,.,.,.,1,.,1,.,.,.,1,.,.,.,1,.,1,1,.,6,4,4,.,.,.,0.782,1,1,0,0,0,Treatment,358,359,361,362,363,362,365,365,367,365,364,365,366,364,362,355,353,351,351,351,351
DEER CREEK,0,.,0,.,0,.,.,.,.,.,.,.,0,0,0,0,.,0,.,0,.,0,.,.,0,.,0,0,0,0,.,.,0,.,0,.,0,.,0,0,0,.,.,.,0,0,.,.,.,0,0,0,0,0,0,0,.,.,.,.,0,.,.,0,.,0,.,.,.,.,.,.,0,.,.,0,.,.,0,0,.,.,0,0,0,0,.,0,0,.,0,.,.,.,.,.,.,0,0,0,.,.,.,.,.,.,.,.,0,.,0,0,0,0,0,0,.,0,.,0,0,.,0,.,.,.,.,.,0,0,0,.,.,.,.,.,0,.,.,.,.,1,0,.,.,0,.,.,.,0,0,.,.,.,.,0,.,.,0,.,.,.,.,.,0,.,0,.,0,.,.,.,.,.,.,0,0,0,.,1,.,0,0,0,.,.,0,0,.,.,.,.,.,0,0,.,0,0,.,.,.,.,.,.,0,0,0,.,0,.,.,.,.,.,.,.,0,.,0,0,.,.,.,.,.,.,.,.,0,.,1,.,1,.,.,.,1,.,0,.,0,3,.,1,1,3,0.112,0.812,0.023,0.109,0.511,0.809,Control,459,464,469,472,471,473,470,474,471,480,482,487,477,466,456,451,442,432,432,432,432
DIGGER MOUNTAIN,.,0,0,.,0,0,0,.,.,.,.,.,0,.,0,.,.,.,0,.,.,.,.,.,.,0,0,0,0,.,.,.,.,.,.,.,0,.,1,0,.,0,.,0,.,.,0,1,.,.,0,0,0,0,.,0,.,.,.,.,.,0,0,.,0,.,.,0,0,.,.,.,0,0,1,.,.,0,.,.,.,1,.,.,.,0,.,.,1,.,.,.,.,1,.,.,.,0,.,.,.,1,.,.,1,.,.,.,1,.,.,.,0,.,.,.,.,1,.,.,0,.,.,.,.,.,1,.,0,.,.,.,.,1,.,.,.,.,1,.,.,.,1,.,0,.,.,.,.,.,1,.,.,.,0,.,1,.,.,.,.,1,.,.,.,.,1,.,0,.,.,.,.,.,.,1,.,1,.,.,.,.,1,.,.,.,.,1,.,.,1,.,.,.,1,.,1,0,.,.,1,.,.,.,.,.,.,1,.,.,.,.,0,.,0,.,.,.,1,.,.,1,.,.,.,.,1,.,.,.,1,.,.,.,0,.,.,0,.,.,.,3,3,3,3,2,0.056,0.588,0.99,0.927,0.848,0.898,Control,159,161,169,171,169,169,146,142,145,145,140,137,138,133,135,131,126,124,123,122,122
DRUGGS CREEK,.,.,0,.,0,0,.,.,.,.,.,.,.,0,.,.,1,0,.,.,.,1,.,.,.,1,.,.,1,.,.,1,.,0,.,.,.,.,.,0,.,0,.,.,1,.,.,.,.,.,.,1,.,.,.,1,.,.,1,.,.,.,.,1,.,.,0,.,.,.,1,.,.,0,0,.,.,0,.,0,.,0,.,.,.,.,0,.,.,.,.,.,0,.,1,0,.,1,.,.,.,1,.,.,0,.,.,.,.,.,1,.,.,.,.,0,.,.,0,.,.,.,0,.,.,.,0,.,.,0,.,.,.,.,0,.,.,.,1,.,.,1,.,.,.,1,.,.,.,1,.,.,.,0,.,.,.,.,.,0,.,.,.,0,0,0,.,.,.,0,.,.,.,.,.,0,0,1,0,0,.,1,.,.,0,0,.,.,0,.,.,.,.,0,.,.,0,.,.,.,0,.,.,.,.,.,0,.,.,.,.,1,.,.,0,.,.,.,.,1,.,.,.,1,.,0,.,.,.,0,.,.,.,1,.,.,.,.,0,.,1,0,2,.,.,.,0.221,0.537,1,0,0,0,Treatment,88,94,97,106,112,110,102,105,97,97,100,93,74,80,82,79,71,61,61,60,60
EAST FAWN,0,.,.,.,0,0,.,.,0,.,.,.,.,0,.,.,.,0,.,.,.,.,0,.,.,.,0,.,0,.,.,.,.,.,0,.,0,.,.,.,.,.,0,0,.,.,0,.,.,.,0,.,.,.,.,0,0,.,0,.,.,.,0,.,.,.,0,0,.,0,.,.,.,.,.,.,0,.,.,.,0,0,0,0,.,.,0,.,.,0,.,.,.,.,.,0,.,0,0,.,0,.,.,0,0,.,0,.,0,.,.,.,.,.,0,0,.,0,0,.,0,.,0,0,.,0,0,0,.,0,0,0,.,1,.,0,.,1,0,.,.,.,.,0,.,0,.,.,.,.,.,.,.,1,0,.,.,.,.,0,.,0,.,.,0,0,.,0,.,.,.,1,.,.,.,.,1,.,1,.,.,.,.,.,0,.,.,0,.,.,.,0,.,.,.,0,.,.,1,.,.,.,.,1,.,.,.,.,0,0,.,0,0,1,.,.,.,0,.,1,0,.,.,.,.,.,.,.,0,.,.,1,1,.,.,.,.,0,.,1,5,5,4,.,.,.,0.877,0.894,0.894,0,0,0,Treatment,280,282,283,285,284,302,305,309,311,316,317,313,312,313,306,301,294,287,287,286,286
EAST FORK LOBSTER,.,.,0,.,.,0,.,0,.,.,0,.,.,0,.,.,.,0,0,.,0,.,0,0,.,0,.,.,0,.,.,0,.,0,.,.,.,0,.,.,.,0,.,.,0,.,0,.,.,.,.,0,.,.,0,.,0,0,.,.,.,.,.,.,0,.,.,.,0,0,.,.,.,0,.,0,.,.,1,.,.,0,.,.,.,.,.,.,1,.,.,1,.,0,1,0,0,.,.,0,.,1,.,.,0,0,0,.,.,0,1,0,1,.,.,1,.,.,.,1,.,0,0,.,.,0,.,.,0,.,.,.,.,0,.,0,.,.,.,0,.,.,0,.,0,.,.,.,1,.,.,0,.,.,.,1,.,0,.,.,.,.,.,.,0,.,.,1,.,0,.,.,.,.,.,.,1,.,.,0,.,.,.,0,0,1,.,.,.,0,.,.,.,.,.,0,.,.,0,.,.,.,.,0,.,.,.,.,.,.,1,.,0,.,0,.,.,0,.,.,.,.,0,.,.,1,.,1,.,.,.,.,1,.,.,1,.,0,.,.,1,1,6,.,.,.,0.232,0.487,0.982,0,0,0,Treatment,187,185,181,179,181,180,176,173,175,176,171,168,171,172,171,167,166,168,168,167,167
EAST TAYLOR CREEK,0,0,0,0,0,.,0,0,.,0,.,.,0,.,0,0,.,0,0,0,0,0,.,.,0,.,0,0,.,.,.,.,.,.,.,.,0,0,0,.,0,.,0,.,.,.,0,.,.,0,0,0,0,.,.,.,.,.,.,.,.,0,0,0,0,0,.,.,0,.,0,.,0,.,0,0,.,.,0,0,.,0,0,0,0,1,.,.,1,1,.,0,.,.,0,.,0,.,.,.,.,1,.,.,.,1,.,.,0,.,.,.,.,.,0,.,.,.,.,0,0,.,.,.,.,.,.,0,.,.,0,.,.,0,.,.,.,.,.,.,0,.,.,0,.,0,.,.,.,.,.,.,1,.,.,1,.,0,.,.,.,.,.,1,.,.,1,.,1,.,.,.,.,.,.,1,.,1,.,.,1,.,.,.,.,.,0,.,.,.,0,.,.,.,0,.,.,.,.,.,1,.,1,.,1,.,.,.,.,.,.,1,.,.,0,.,.,.,.,1,.,.,0,.,.,.,1,1,1,1,1,0,.,.,.,.,.,.,.,.,2,3,6,.,.,.,0.707,0.768,0.966,0,0,0,Treatment,534,536,537,543,552,554,557,566,574,580,580,582,589,591,594,587,567,538,536,536,536
ELK MOUNTAIN,.,.,.,.,0,0,0,0,0,0,.,.,.,.,.,0,0,.,0,0,0,0,0,0,.,.,0,0,0,.,0,0,.,.,.,.,.,0,0,.,.,.,0,.,.,.,.,.,0,.,0,.,0,.,.,.,.,.,.,.,.,0,.,0,.,.,0,0,.,.,.,.,0,.,0,.,.,.,0,0,.,0,0,.,.,0,0,.,.,.,0,.,.,.,.,.,.,0,.,0,0,.,0,.,.,.,.,.,0,0,0,0,.,0,.,.,.,.,.,.,.,.,0,.,.,.,.,.,.,0,.,1,0,.,.,1,.,1,.,1,.,.,.,1,.,1,.,.,.,1,.,.,.,1,.,.,.,.,.,.,.,1,.,.,1,.,.,0,.,0,.,.,.,.,.,.,0,.,0,.,.,.,.,.,0,.,.,.,0,1,.,.,.,.,0,.,.,1,1,.,0,0,.,.,.,.,0,.,.,.,.,.,1,.,1,.,.,.,.,1,.,.,.,1,.,0,.,.,.,.,.,.,0,.,.,0,.,.,.,0,.,4,2,.,.,.,0,1,1,0,0,0,Treatment,92,91,91,94,94,91,89,89,86,85,85,84,84,80,81,81,81,82,82,80,80
FAILOR CREEK,.,.,.,0,0,.,.,.,.,0,.,.,.,.,.,0,.,.,.,.,.,.,.,.,.,0,0,.,.,.,0,0,.,0,.,.,0,0,.,.,0,.,0,0,0,.,.,.,.,0,0,.,0,0,0,.,.,.,.,.,.,.,.,0,0,.,0,.,0,0,0,.,.,0,0,.,.,.,0,.,.,.,.,.,0,0,0,.,0,0,.,.,.,.,.,.,.,0,0,0,0,.,0,.,0,0,.,.,0,.,0,0,.,0,0,0,.,.,.,.,.,0,0,.,.,.,0,0,0,0,0,0,.,0,.,0,.,0,0,.,0,.,.,0,0,.,0,.,0,.,0,.,0,.,.,.,.,0,0,0,0,.,0,0,0,.,.,.,0,.,0,0,.,0,.,0,.,.,.,.,.,0,0,.,0,.,0,0,0,.,.,.,.,0,0,.,0,.,.,0,.,0,.,1,0,0,0,.,1,.,.,.,0,.,.,.,0,.,.,0,.,.,.,.,.,.,.,.,0,.,0,0,.,.,0,0,.,.,.,.,1,.,0,.,.,.,0.731,0.005,1,0,0,0,Treatment,291,292,292,290,292,291,292,294,295,296,297,298,296,296,293,287,285,282,282,282,282
FAILOR RIDGE,.,0,.,.,0,.,0,.,0,.,0,.,.,.,.,0,.,0,.,.,0,.,.,.,.,0,.,.,.,0,.,0,0,0,0,.,0,0,.,0,0,0,.,.,0,.,.,0,.,.,0,.,.,0,.,.,.,0,.,.,.,.,0,.,.,0,.,.,.,0,0,0,.,0,.,.,1,0,0,.,.,.,.,.,.,0,0,.,.,.,.,0,.,.,0,0,.,0,.,0,.,.,1,.,0,.,.,.,.,0,.,.,0,.,.,.,.,.,0,.,0,.,.,.,.,.,.,0,.,0,.,.,.,0,.,.,.,.,.,.,0,.,.,0,0,.,.,0,.,.,.,.,.,.,0,.,1,.,0,.,0,0,.,.,.,.,.,.,0,.,0,.,0,1,0,0,.,.,.,.,0,.,0,0,.,.,0,.,0,0,.,.,0,.,.,0,0,0,.,1,.,0,.,1,1,.,1,.,.,.,.,1,0,.,.,1,.,1,.,.,.,.,.,.,.,1,1,.,.,.,.,.,0,1,0,1,.,.,1,.,.,1,8,.,.,.,0.061,0.698,0.785,0,0,0,Treatment,260,263,265,266,263,261,263,265,273,275,277,277,273,271,272,264,256,250,250,250,250
FERGUSON CREEK,.,.,0,0,0,0,0,0,0,0,.,.,0,.,0,.,.,.,0,0,.,.,.,.,.,0,0,.,0,.,.,.,.,.,.,.,.,0,0,0,.,.,0,0,.,.,.,.,.,.,0,.,0,.,.,.,.,.,.,.,.,0,.,0,0,0,0,.,.,.,.,.,.,0,.,0,0,0,.,.,.,0,.,.,.,0,.,0,1,.,.,1,.,.,.,0,.,.,.,.,1,.,1,.,.,.,1,.,.,.,1,.,.,.,.,0,.,.,1,.,.,0,.,.,.,.,.,1,.,.,0,.,.,.,0,.,.,.,1,.,.,.,0,0,.,0,.,.,.,1,.,.,1,.,.,.,.,0,.,.,1,.,.,.,.,.,1,.,.,0,.,.,.,0,.,.,.,0,.,.,0,.,.,.,.,0,.,.,1,.,.,.,0,.,.,.,0,.,.,.,0,.,.,.,.,0,.,.,0,.,.,.,.,0,.,.,.,.,1,.,.,1,.,.,0,.,.,.,.,0,.,.,.,0,.,.,.,.,0,.,.,.,1,2,0,0,0,0,0.4,0.4,0.4,0.4,Control,28,28,27,28,31,26,26,26,25,24,22,23,23,22,22,20,17,21,18,18,17
FRANKLIN RIDGE,0,.,0,.,0,.,.,.,.,.,.,0,.,.,0,.,0,.,.,.,.,.,.,0,0,.,0,.,.,.,.,0,.,.,0,.,.,.,0,.,.,.,0,.,.,.,.,0,.,.,.,.,0,.,0,.,.,0,.,.,0,.,0,0,.,.,0,.,.,.,.,.,0,.,.,.,1,.,.,.,0,.,0,.,.,.,0,.,.,.,0,1,.,.,.,.,.,.,.,.,0,.,.,0,0,0,.,.,.,.,.,.,1,.,.,0,.,.,0,.,.,.,.,.,0,.,.,1,.,.,0,.,.,.,0,.,1,.,.,.,1,.,.,0,.,.,.,0,.,.,.,.,1,.,0,.,0,.,.,.,.,.,0,.,.,.,0,.,.,.,.,.,0,.,.,.,1,.,0,.,.,.,.,.,1,.,.,0,.,0,.,.,.,.,0,.,.,.,1,.,.,.,1,.,.,.,.,0,.,.,.,0,.,.,.,0,.,.,1,.,1,.,.,.,.,.,.,0,.,0,.,.,.,0,.,.,1,.,.,.,1,1,1,.,1,1,0.452,1,0.452,0,0.248,0.752,Control,101,102,102,100,102,100,101,102,102,102,103,101,101,98,93,90,89,89,89,89,89
GREASY CREEK,.,.,.,.,.,.,.,.,0,0,.,.,0,.,0,0,.,.,0,0,0,.,.,.,.,0,0,0,.,.,0,0,.,.,.,.,.,0,0,.,.,.,0,.,.,0,.,.,.,0,0,.,0,.,.,.,.,.,0,.,.,0,.,0,.,.,0,0,.,.,.,.,0,.,0,.,.,.,0,0,.,.,0,.,.,.,0,0,0,.,0,0,0,.,.,.,0,.,0,0,.,.,.,.,.,.,.,.,0,.,0,0,0,.,0,.,.,.,.,.,0,.,0,1,.,0,1,0,.,0,.,1,0,0,.,.,.,0,0,0,0,.,.,.,0,.,0,0,0,0,0,0,0,.,.,.,.,0,.,.,0,.,0,0,.,0,.,.,0,.,0,0,0,.,.,.,.,.,.,.,0,.,0,0,0,.,0,.,.,.,.,.,.,0,0,0,.,0,.,.,0,.,.,.,0,.,.,.,0,.,0,0,.,.,0,.,.,0,.,.,0,.,0,0,0,.,0,0,0,0,.,.,0,.,.,.,0,.,.,.,3,2,5,0,0,2,0.941,0.941,0.941,0.318,0.293,0.579,Control,233,240,247,246,257,247,247,242,233,220,189,192,185,161,162,153,149,136,136,130,128
GREENLEAF CREEK,.,.,0,.,0,.,0,0,0,.,0,.,0,.,0,.,.,.,0,0,.,.,.,.,.,.,0,0,0,0,.,.,.,.,.,.,.,0,0,.,.,.,0,.,.,.,.,.,.,0,0,.,0,.,.,.,.,.,.,.,.,0,.,0,0,.,0,0,.,0,.,.,0,.,0,.,0,0,.,0,.,0,0,.,.,0,0,.,0,.,0,.,.,.,.,.,.,0,.,0,.,0,0,1,.,0,.,.,0,.,0,.,0,0,.,0,0,0,1,.,.,0,.,.,0,0,.,0,.,.,0,1,.,.,.,0,.,1,.,.,1,.,.,1,.,0,.,0,.,1,.,.,.,1,.,.,.,.,.,1,.,1,.,.,0,.,.,0,.,0,.,.,.,.,.,.,1,.,0,.,.,.,.,.,0,.,.,.,0,0,.,.,.,.,1,.,.,1,.,.,.,0,.,.,.,.,0,.,.,.,.,.,1,.,1,.,.,.,1,.,.,.,.,1,.,1,.,.,.,.,.,.,0,.,.,0,.,.,.,1,.,0,0,.,.,.,0,1,1,0,0,0,Treatment,206,207,207,208,209,209,208,209,211,214,214,213,210,207,205,203,201,199,199,199,199
GRIFFITH CREEK,0,0,.,0,.,0,0,0,0,.,.,.,0,0,0,.,0,.,.,.,.,0,.,.,0,.,0,0,.,0,0,0,.,.,.,.,.,0,0,0,0,0,.,.,.,.,.,.,.,.,0,0,1,.,0,.,0,.,0,.,.,.,.,.,1,0,.,1,.,0,.,.,.,.,1,.,.,.,.,.,1,.,1,.,.,.,1,.,1,.,.,0,.,.,.,.,.,.,0,.,.,.,.,0,.,.,1,.,.,.,.,.,0,.,.,.,1,.,0,.,.,.,.,.,0,.,.,0,.,.,1,.,.,.,0,.,0,0,.,.,.,.,.,.,.,0,.,1,0,0,.,.,1,.,1,.,0,.,.,.,.,.,1,0,.,.,0,.,.,1,.,0,1,.,.,.,1,.,1,.,.,1,.,.,1,.,.,0,.,1,.,.,.,.,1,.,.,.,1,.,.,.,1,.,.,.,.,0,0,.,.,0,.,.,.,0,.,0,0,.,1,0,0,0,.,.,.,0,.,0,.,.,0,0,.,.,0,.,.,.,2,6,3,.,4,1,0.754,0.754,0.754,0,0.499,1,Control,320,326,334,333,342,349,361,359,360,359,354,336,322,308,299,300,287,281,262,259,256
HAYES CREEK,.,.,0,0,.,0,.,.,.,.,.,.,0,.,0,0,.,.,.,.,.,0,.,.,.,0,0,.,0,0,.,0,.,.,.,.,.,0,.,.,1,.,.,.,0,.,.,.,.,.,.,.,0,.,.,0,.,.,0,.,.,0,.,.,.,.,0,.,.,0,.,.,.,0,.,.,.,0,.,.,.,.,.,0,.,0,.,.,.,.,1,.,.,0,.,.,.,0,.,.,.,.,.,1,.,.,0,.,.,0,.,.,.,.,.,1,.,.,0,.,.,0,.,.,.,.,.,1,.,.,0,.,.,0,.,.,.,.,.,1,.,.,.,1,.,0,.,.,.,.,.,.,1,.,0,0,.,.,1,.,.,.,.,0,.,1,.,.,.,.,0,.,.,.,.,0,.,.,.,0,.,.,0,.,.,.,1,.,.,0,.,.,.,0,.,.,.,.,0,.,.,0,.,.,.,0,0,.,.,.,.,1,.,.,0,.,.,.,0,.,.,.,.,0,.,.,0,.,.,.,0,.,.,.,0,.,.,0,.,.,.,1,2,2,2,2,0,0.895,0.857,0.895,0.933,0.254,Control,26,25,25,25,29,28,31,28,30,26,28,23,24,23,23,26,24,17,17,17,16
HOFFMAN CREEK,.,0,.,0,0,0,.,.,.,.,.,.,.,0,0,.,0,0,.,0,.,.,0,.,0,.,0,.,.,0,.,.,0,.,.,.,0,.,0,0,0,.,.,.,.,.,.,.,.,.,0,0,.,0,.,0,0,0,0,.,0,.,.,.,.,.,.,.,.,.,.,.,.,.,.,0,.,.,.,.,0,.,1,.,0,.,.,0,.,.,.,.,.,.,0,.,0,.,.,.,0,.,.,.,0,.,.,.,.,0,.,.,.,.,0,.,.,.,.,0,0,.,.,.,.,0,0,0,.,.,.,.,.,.,.,.,0,.,.,.,.,0,.,1,0,.,.,.,.,0,.,.,.,1,.,0,.,0,.,.,0,0,.,.,0,.,.,.,.,.,.,.,0,0,.,0,.,.,1,.,.,.,0,.,.,1,.,.,.,0,.,.,.,.,.,.,0,.,.,.,0,0,.,.,.,.,.,.,1,.,.,0,.,.,1,.,0,.,.,.,.,.,.,.,.,1,1,1,.,1,.,1,0,1,.,.,.,0,.,0,.,0,.,0,2,.,0,0.976,0,0.196,0.78,0,Control,448,449,449,450,447,447,446,446,448,450,451,458,461,465,460,454,449,439,439,439,439
HOLE,.,.,0,0,0,0,.,.,.,.,0,.,.,.,.,0,.,1,0,.,.,.,.,.,.,0,.,0,0,.,.,.,.,.,.,.,.,0,0,0,.,.,0,0,0,.,.,.,.,.,0,.,0,.,.,.,.,.,.,.,.,0,.,0,.,.,0,0,.,.,.,.,.,0,0,.,0,0,.,.,0,0,.,.,0,.,0,.,1,.,.,1,.,.,1,.,.,0,.,.,.,.,1,.,.,1,.,.,.,0,.,.,.,.,0,.,.,.,1,.,.,0,.,.,.,.,.,.,0,.,.,0,.,.,.,0,.,.,.,.,1,.,1,.,0,.,.,.,.,.,.,1,.,0,.,.,0,.,.,.,1,.,.,.,.,.,0,.,.,0,.,.,.,.,.,.,1,.,1,.,.,1,.,.,.,.,.,.,0,1,.,.,.,.,1,.,.,.,1,.,1,.,.,.,.,.,.,0,.,.,.,0,.,0,.,.,.,.,0,.,.,0,.,1,.,.,.,.,.,.,0,.,.,0,.,.,.,0,.,.,.,0,3,2,1,0,0,0.239,0.592,0.769,0.239,0.78,Control,26,33,42,34,31,30,28,35,32,31,36,23,20,18,17,18,17,17,17,16,14
HONEY GROVE,.,.,.,.,0,0,.,0,.,0,0,0,.,.,.,.,.,.,.,.,.,.,.,.,.,.,.,.,.,.,.,.,.,.,.,.,.,.,0,0,.,.,0,0,0,0,.,.,.,0,0,0,.,.,.,.,.,.,.,.,0,.,1,0,0,1,.,1,1,.,.,.,.,0,1,.,.,0,.,.,1,.,1,.,0,.,0,.,.,.,1,.,.,1,.,.,.,0,.,.,.,.,1,.,.,0,.,.,0,.,.,.,.,.,.,1,.,.,1,.,0,.,.,.,.,1,.,1,.,.,.,.,.,1,.,.,.,.,1,.,.,.,0,.,.,.,1,.,.,.,.,.,1,.,1,.,1,.,.,.,.,.,.,1,.,.,1,.,1,.,.,.,.,.,1,.,.,.,.,1,1,.,.,.,.,.,.,1,.,1,.,.,.,.,0,.,1,.,.,.,.,1,.,.,.,.,1,.,.,.,1,.,.,.,1,.,.,.,0,.,.,1,.,.,.,1,.,.,.,0,.,.,.,.,0,.,.,1,.,.,4,1,3,4,5,3,0.292,0.946,0.351,0.944,0.944,0.769,Control,148,147,150,153,148,147,144,144,149,149,139,135,132,131,132,129,126,125,121,121,121
HORTON,.,.,0,0,.,0,.,.,.,.,0,.,0,.,0,.,.,.,0,.,.,0,.,.,.,0,.,0,0,.,.,.,.,.,.,.,.,1,0,0,0,1,.,.,.,.,.,.,.,.,1,.,1,0,.,.,.,.,.,.,1,.,.,1,0,0,.,.,0,.,.,.,0,.,.,0,.,0,.,.,.,.,0,0,.,0,0,0,.,.,.,0,0,0,1,.,.,0,.,1,.,1,0,.,.,1,1,0,0,.,.,.,.,0,.,.,1,.,.,.,.,0,.,.,.,.,.,.,1,.,1,.,.,.,.,.,0,.,.,0,0,.,1,.,0,.,.,.,0,1,.,.,.,.,0,.,0,.,.,0,.,0,0,0,.,0,.,.,.,1,.,0,0,1,.,.,1,.,.,.,0,.,0,.,.,0,.,1,.,1,.,.,0,.,.,.,1,.,.,.,0,.,.,.,.,.,0,.,.,.,1,.,1,.,1,.,.,.,1,.,.,.,.,1,.,.,1,.,.,0,1,.,.,0,.,.,.,0,.,.,4,1,0,4,5,6,0.329,0.996,0.237,1,1,0.946,Control,48,51,52,53,57,56,57,55,50,47,46,48,46,37,35,45,57,44,42,42,42
JANUARY CREEK,.,.,0,.,0,.,0,0,.,0,0,.,0,.,.,0,0,0,.,.,.,.,.,.,.,.,0,0,0,0,.,.,.,.,.,.,.,0,0,0,0,.,.,.,.,.,.,.,0,.,0,0,0,.,.,.,.,.,.,.,0,.,0,0,.,.,0,0,.,.,.,.,.,0,0,0,.,.,0,0,.,0,.,.,0,.,0,.,0,0,.,.,.,.,.,.,0,.,0,.,.,.,0,0,.,.,.,.,.,0,.,.,.,.,0,0,.,.,.,.,0,.,0,.,.,.,0,.,.,.,.,.,.,0,.,0,.,0,.,.,.,.,.,.,.,0,0,.,0,.,.,.,.,.,.,.,.,0,0,.,.,.,0,0,0,.,.,.,0,0,0,.,1,0,.,0,.,0,0,.,.,0,0,0,0,0,.,0,0,0,.,0,0,.,0,0,.,0,.,1,0,0,.,.,.,0,0,0,.,.,0,1,.,.,0,.,.,.,0,.,.,.,.,0,.,.,0,.,.,.,0,.,.,.,.,.,.,0,.,0,.,1,1,.,.,.,0,0.267,1,0,0,0,Treatment,39,42,39,39,36,40,38,34,34,29,24,20,19,16,20,21,19,16,16,16,14
KNAPP CREEK,.,.,.,0,0,0,.,0,.,0,0,.,.,.,.,0,.,.,.,0,.,0,0,.,.,.,0,0,.,0,.,.,1,.,.,0,.,.,0,.,0,.,.,.,0,.,.,.,.,.,0,.,0,.,.,.,0,.,.,.,.,.,0,.,.,.,1,.,.,0,.,.,.,.,.,0,.,1,.,.,.,0,.,.,.,.,0,.,1,.,.,.,0,.,.,.,.,.,.,1,.,.,0,.,.,1,.,.,.,.,0,.,.,0,.,.,0,.,.,.,.,.,.,0,.,.,0,.,1,.,.,0,.,.,.,0,.,.,1,0,.,.,0,1,.,.,.,0,.,.,0,.,.,.,.,.,.,.,0,0,.,.,0,0,0,.,.,.,.,.,0,.,.,0,.,0,.,.,.,1,.,0,.,.,0,1,0,.,0,0,.,.,.,.,0,.,1,0,.,0,.,0,0,.,.,.,0,.,0,.,1,0,.,0,0,.,.,.,1,.,0,.,0,0,.,0,.,0,.,.,0,0,1,0,.,1,1,0,0,1,.,4,1,.,.,.,0,0.89,1,0,0,0,Treatment,106,105,110,110,104,103,100,98,96,84,84,84,91,92,90,83,81,71,70,59,58
KNOWLES CREEK,.,.,0,.,.,0,.,.,.,.,.,.,0,.,0,.,.,.,0,.,0,0,.,.,.,0,0,0,.,.,.,.,.,.,.,.,0,.,0,.,.,.,0,.,.,.,0,.,.,0,.,0,0,.,.,.,.,.,.,.,.,.,0,.,0,.,.,.,.,.,.,.,.,0,.,0,.,.,0,.,.,0,0,.,.,0,.,0,.,.,0,0,.,.,.,.,.,0,0,0,.,.,.,.,.,.,.,.,.,0,0,.,0,.,.,.,.,.,.,.,0,.,0,.,0,.,.,.,.,.,.,.,.,0,.,0,.,0,.,.,.,.,.,.,.,.,.,.,0,0,.,.,.,.,.,0,.,0,.,0,.,.,.,0,1,.,.,.,.,0,0,.,.,0,.,.,.,.,.,.,0,.,0,.,0,.,0,.,0,0,.,0,.,.,0,0,.,.,0,.,.,.,.,.,0,.,1,.,0,0,.,.,.,.,.,.,0,.,.,0,0,.,.,.,.,.,.,.,0,0,.,1,.,.,0,1,.,.,.,.,4,1,3,3,1,2,0.849,0.849,0.978,0.978,0.633,0.302,Control,455,457,457,455,455,455,454,454,453,453,455,455,455,456,453,452,452,449,449,449,449
KNOWLES CREEK TRIB,0,.,0,0,0,0,.,.,.,.,.,.,.,0,0,0,.,.,0,0,0,.,.,.,.,0,0,0,0,0,.,.,.,.,.,.,0,.,0,0,.,.,.,.,.,.,0,.,.,0,.,0,0,.,.,.,.,.,.,.,.,.,0,.,0,.,.,.,.,.,.,.,.,0,0,.,.,.,0,0,.,0,.,.,.,0,.,0,0,0,.,.,.,.,0,.,.,.,0,0,.,0,.,0,.,0,.,.,.,.,0,.,.,0,.,.,0,0,.,0,.,0,.,.,.,.,0,.,.,.,.,0,.,.,.,0,.,.,.,.,.,0,.,1,.,0,.,.,0,0,.,.,.,.,.,.,.,0,.,.,0,.,0,.,0,.,.,.,0,.,0,.,0,.,.,.,.,.,.,.,0,.,1,.,0,0,.,1,.,.,.,.,.,.,.,0,1,.,.,.,.,0,.,.,.,0,0,0,1,.,1,.,.,.,.,.,.,0,.,0,.,.,.,.,0,0,.,.,.,1,0,.,.,1,.,.,1,1,1,0,0,0,1,3,.,2,0.1,0.1,0.899,0.899,0,0.978,Control,442,439,439,439,425,427,424,423,423,425,424,422,421,420,415,414,412,409,409,409,409
LAKE CREEK,.,.,.,0,.,0,.,.,.,.,.,.,.,0,0,0,.,.,0,0,0,.,.,.,0,0,.,0,0,.,.,0,0,.,.,.,.,0,0,0,.,.,0,0,.,.,.,.,.,.,0,0,.,.,0,0,.,.,.,.,.,.,.,.,0,0,0,1,.,1,1,.,.,.,.,0,.,.,.,.,.,0,.,0,.,.,.,.,0,0,.,.,.,1,.,.,.,.,0,.,.,.,0,0,.,.,0,.,.,.,1,1,.,.,.,0,0,.,.,.,.,.,.,0,0,.,0,.,.,.,0,.,.,0,.,.,.,.,1,1,.,.,0,0,.,.,.,0,0,.,0,0,0,.,.,.,.,0,.,0,1,.,0,.,.,.,0,.,.,0,0,0,.,1,0,0,.,0,0,0,0,.,.,.,.,0,.,.,0,0,0,0,.,.,1,0,0,.,.,0,.,0,.,.,.,.,1,.,.,0,.,.,1,.,1,.,.,.,1,.,.,.,.,.,0,.,1,.,.,.,0,.,.,1,1,.,.,0,.,.,1,2,1,.,.,.,0.209,0.84,0.845,0,0,0,Treatment,106,110,111,116,119,119,120,120,120,121,123,62,61,62,61,61,58,53,52,51,51
LITTLE LAKE CREEK,.,.,0,.,0,0,0,0,0,0,.,.,.,.,.,0,0,0,.,1,.,.,.,.,.,.,0,0,1,0,.,.,.,.,.,.,.,0,0,1,0,0,0,0,.,.,.,.,.,.,1,.,0,0,0,.,0,.,.,0,.,.,.,0,.,.,0,.,.,0,.,.,.,0,.,.,0,0,.,0,.,0,.,.,.,.,0,.,.,.,.,.,0,.,0,0,.,0,.,.,.,0,0,.,0,.,.,.,.,.,0,.,.,.,.,0,.,.,1,.,.,.,0,.,.,.,0,.,.,0,.,.,.,.,1,.,.,.,0,.,.,0,.,.,.,0,.,.,.,0,.,.,.,1,.,0,.,.,.,0,.,.,.,0,.,0,.,.,.,0,.,.,.,.,.,0,.,.,0,.,.,1,.,.,.,1,.,.,0,.,.,.,.,0,.,.,1,.,.,.,0,.,.,.,.,.,0,.,.,.,.,1,.,.,0,.,.,.,.,0,.,.,.,0,.,1,.,.,.,1,.,.,.,1,.,.,.,.,0,.,.,4,4,.,.,.,0,0.703,1,0,0,0,Treatment,153,152,154,152,155,156,158,158,159,167,171,173,175,167,160,153,150,144,144,122,121
LLOYD CREEK,.,0,0,.,0,.,.,.,.,.,.,.,.,0,0,.,.,.,0,0,.,.,.,.,.,0,0,.,.,.,0,0,.,.,.,.,0,.,0,0,.,.,0,0,.,.,.,.,.,0,.,0,0,.,.,.,.,.,.,.,.,.,0,0,0,.,0,0,.,.,.,.,.,.,0,0,.,.,0,.,0,.,.,.,0,0,0,.,0,.,0,0,0,.,.,.,.,0,.,0,0,.,.,.,.,0,.,.,.,1,.,.,1,.,.,.,.,0,0,.,.,1,.,.,.,.,1,.,.,.,.,1,.,.,.,0,.,.,.,.,.,0,.,1,.,.,0,.,.,1,.,.,.,1,.,1,.,.,1,0,0,1,.,.,.,.,0,.,.,0,1,1,.,.,.,1,.,.,1,.,.,.,.,0,.,0,.,.,.,.,.,.,.,0,0,.,.,1,0,.,.,1,.,1,.,.,.,0,0,1,.,.,0,1,1,.,.,0,.,.,1,0,.,.,.,1,0,.,0,.,.,.,0,.,.,1,.,.,.,1,.,.,4,0,6,3,0.045,0.074,0.795,0.283,0.565,1,Control,616,622,620,618,625,625,627,624,625,626,627,614,609,602,593,592,590,578,576,574,574
LOBSTER RIDGE,.,.,.,.,.,0,0,0,.,.,.,.,.,.,.,.,0,.,.,.,0,0,0,.,.,.,0,.,.,0,.,.,0,0,.,.,.,.,0,.,.,.,0,.,0,.,.,.,.,.,0,.,0,0,0,0,0,.,.,.,.,.,.,.,0,.,0,.,0,.,.,.,.,.,.,0,.,0,.,0,0,0,.,.,.,.,.,0,.,.,0,.,.,0,0,0,.,0,.,.,.,0,.,.,0,.,.,.,.,0,.,.,.,0,.,.,1,.,1,0,.,0,.,.,.,.,0,.,.,0,.,.,.,.,1,.,.,0,0,.,.,.,0,.,.,0,.,.,.,.,.,1,.,0,.,.,.,.,0,.,0,.,.,.,.,.,0,.,.,0,.,.,.,.,0,.,.,1,.,.,.,.,.,.,0,.,0,.,.,.,.,0,.,.,0,.,.,1,0,.,.,0,.,.,.,.,.,1,.,.,.,1,.,.,.,0,.,.,.,0,.,.,0,.,.,1,.,.,.,.,0,.,.,.,1,.,0,.,.,.,4,6,3,1,2,1,0.559,1,1,0.299,0.777,0.63,Control,207,210,210,213,218,218,220,225,221,221,221,218,210,203,201,198,199,194,194,194,194
LOW PASS,.,.,.,0,.,0,0,0,.,0,0,.,0,.,0,.,.,.,0,.,.,.,.,.,.,0,0,0,0,0,0,.,.,.,.,.,.,0,0,1,1,.,.,.,.,.,.,.,.,.,0,0,.,.,0,0,.,.,.,.,1,.,1,.,.,1,.,.,1,.,.,1,.,0,.,0,.,.,0,0,.,0,0,.,.,0,0,1,1,.,.,.,.,.,0,.,.,.,0,.,0,0,.,.,.,0,.,.,1,.,.,.,.,.,0,.,.,.,.,1,.,1,.,.,.,1,.,.,1,.,.,.,.,1,.,.,.,.,1,.,.,1,.,.,.,.,1,.,.,1,.,0,1,0,.,.,.,1,.,.,1,.,.,.,.,.,1,.,.,0,.,.,.,1,.,.,1,.,.,.,.,1,.,.,1,.,.,.,0,.,.,.,.,.,.,1,.,0,.,.,1,.,.,.,.,1,.,.,0,.,.,.,.,1,.,.,.,.,1,.,.,.,.,0,.,.,.,0,.,.,0,.,.,1,.,.,.,1,.,.,.,3,1,1,5,4,0,0.945,0.256,0.253,0.945,0.633,Control,58,60,63,63,66,65,65,64,62,58,57,56,54,57,54,53,50,49,49,49,49
LOWER DEADWOOD,0,.,0,.,0,.,.,.,.,.,.,.,0,0,.,0,0,0,.,.,.,0,0,.,.,0,.,.,0,.,.,0,.,.,.,.,.,0,.,.,.,0,.,0,.,.,0,.,0,.,.,.,.,0,0,0,.,.,.,.,.,.,0,.,.,.,0,.,.,.,0,.,.,.,.,.,0,.,.,.,.,0,0,.,.,.,0,.,0,0,0,.,0,0,.,0,.,0,0,0,.,0,.,.,.,0,.,.,.,0,.,.,.,.,.,.,0,.,.,0,.,0,.,.,.,.,.,.,1,.,.,.,.,.,.,.,0,.,.,.,1,1,.,.,.,.,.,.,0,.,.,.,.,0,0,.,.,1,.,.,.,.,.,.,0,0,0,0,.,0,0,.,.,.,0,.,.,.,1,0,.,0,0,0,.,.,1,.,1,.,.,.,.,.,.,.,0,.,.,0,1,.,.,0,.,.,.,.,.,0,.,.,1,.,0,.,.,.,.,.,1,.,.,.,.,1,.,1,.,0,.,.,.,.,1,.,.,0,.,.,.,2,3,.,.,.,0.055,0.379,1,0,0,0,Treatment,339,340,341,344,343,346,349,349,353,355,358,355,348,348,343,343,339,335,335,335,334
LOWER ELMA,0,.,0,.,0,0,.,0,.,.,.,1,.,0,0,0,.,.,.,.,.,.,.,.,0,.,0,.,0,.,.,.,.,.,.,.,0,.,0,0,0,.,.,.,.,.,.,.,0,.,0,.,0,0,0,.,.,.,.,.,0,.,.,0,0,.,.,.,.,0,.,.,0,.,0,0,.,.,0,.,.,.,.,.,0,0,0,0,.,.,.,.,.,.,.,.,0,.,0,.,0,.,.,.,.,.,.,.,.,0,0,0,0,.,.,.,.,.,.,.,.,.,0,.,0,.,.,.,.,.,.,.,1,1,.,0,1,0,.,.,1,.,0,.,0,.,.,.,.,0,.,.,1,0,.,.,.,.,0,0,.,.,0,0,.,.,.,.,0,.,.,0,0,.,.,0,1,0,.,.,0,.,0,1,.,0,0,1,.,.,.,1,.,.,0,0,.,.,.,1,.,0,.,0,0,.,.,0,.,.,.,0,0,1,.,0,0,1,0,.,.,0,0,0,.,.,.,.,0,0,0,.,0,.,.,.,.,0,.,.,0,3,2,3,2,5,0.411,0.97,0.776,0.471,0.97,1,Control,587,586,587,585,586,585,586,583,585,584,583,584,583,580,574,574,571,567,567,567,567
LOWER GREENLEAF,.,.,0,.,0,.,.,0,0,0,.,.,.,.,.,0,.,.,.,.,0,0,.,0,.,.,0,0,.,.,.,0,.,.,0,0,.,0,.,0,.,.,0,.,0,0,.,.,.,.,0,0,.,.,.,0,.,.,0,.,.,0,.,.,.,.,.,0,.,.,0,.,.,.,.,.,.,0,.,0,.,0,.,.,.,.,0,.,0,.,.,.,.,.,0,.,.,0,.,0,.,.,.,.,.,0,.,.,0,.,.,.,.,0,.,0,0,.,.,.,.,0,0,.,1,0,.,.,.,.,.,.,0,0,.,0,.,0,.,.,1,.,.,0,.,1,0,0,1,0,.,.,.,.,.,.,.,.,1,.,0,.,.,.,0,.,.,0,.,0,.,1,0,0,0,0,.,.,.,.,.,.,0,0,0,.,0,.,0,.,.,0,.,.,0,.,.,0,0,.,.,0,.,.,.,.,0,.,.,.,0,.,.,0,.,.,.,.,.,0,.,.,0,.,.,.,1,.,.,.,.,.,1,.,0,.,.,1,.,.,.,3,4,.,.,.,0.02,1,1,0,0,0,Treatment,127,128,125,126,127,120,118,120,122,121,119,111,119,117,115,113,111,110,110,108,108
LOWER NELSON CREEK,.,.,0,0,0,.,0,0,.,0,0,.,.,.,.,.,.,.,.,.,.,.,.,.,.,.,.,.,.,0,.,.,0,.,0,0,.,.,0,.,0,.,.,.,0,.,0,0,.,.,0,.,0,.,.,.,0,.,.,.,.,.,0,.,.,.,0,.,.,0,.,.,.,.,.,0,.,0,0,.,.,0,.,.,.,.,0,.,0,.,.,.,1,.,.,.,.,.,.,0,.,.,1,.,.,0,.,.,.,.,0,.,.,0,.,.,0,.,.,.,.,.,.,0,.,.,0,.,0,.,.,.,.,.,.,1,.,.,.,1,.,.,0,0,.,.,0,0,.,.,1,.,.,1,0,0,.,.,1,.,.,.,.,1,1,.,.,.,.,.,0,.,.,1,.,.,1,.,.,.,0,.,.,1,.,0,0,.,0,0,.,.,.,0,.,.,.,.,.,.,1,.,0,.,.,.,.,0,.,.,.,1,.,.,1,.,.,.,.,0,.,.,.,1,.,.,0,.,.,.,0,.,.,.,.,0,.,.,0,.,.,3,3,.,.,.,0,0.916,1,0,0,0,Treatment,277,273,271,266,271,266,262,252,253,241,241,237,234,230,212,197,172,162,161,155,155
MAJOR TIEKO,.,.,.,0,0,0,0,0,0,.,.,.,.,.,.,.,.,.,.,.,.,.,.,.,.,.,.,.,.,.,.,.,.,.,.,.,.,.,.,.,.,.,0,.,.,0,0,.,.,.,.,0,.,.,.,0,.,.,0,.,.,0,.,0,.,.,0,.,0,0,0,0,.,0,.,.,.,0,.,.,.,1,.,0,.,0,.,0,0,.,.,0,.,.,0,0,.,0,0,.,0,0,.,.,.,.,0,0,.,0,0,.,.,.,0,.,.,.,.,.,.,0,0,0,.,.,.,.,.,.,.,.,0,.,0,.,0,.,.,0,1,.,.,.,0,.,0,0,0,.,.,.,.,.,.,.,0,.,0,0,.,.,0,.,.,.,.,.,.,0,1,1,0,0,.,.,.,.,.,.,0,.,.,0,.,1,.,.,0,.,.,.,.,0,.,1,.,.,1,.,.,1,.,.,.,.,0,.,.,.,1,.,0,.,1,.,.,.,0,.,.,.,0,.,.,1,0,.,.,.,0,.,1,.,0,.,.,.,0,.,5,2,3,.,.,.,0.826,1,0.957,0,0,0,Treatment,121,123,129,129,131,131,131,126,118,118,116,113,108,95,94,93,89,92,92,86,80
MARIA CREEK,.,.,0,.,0,.,.,0,.,.,.,.,.,.,0,.,.,.,0,0,0,0,.,.,0,0,.,0,0,.,.,0,.,.,.,.,0,0,0,.,.,.,0,.,.,0,.,.,.,.,0,.,.,.,.,0,.,0,.,.,.,.,.,0,.,.,0,0,.,.,.,0,.,.,.,.,.,0,.,0,.,0,0,0,.,.,0,.,.,.,.,0,.,.,.,0,.,0,.,.,.,.,.,0,.,.,.,0,.,0,.,.,0,.,0,0,0,.,.,.,.,0,0,0,.,.,.,.,.,.,.,.,0,0,0,.,0,.,.,.,.,.,.,.,0,.,0,.,0,.,.,0,0,0,.,.,.,0,0,.,0,.,.,0,.,.,.,.,0,.,0,0,0,.,.,.,.,.,.,.,0,.,0,0,.,.,.,0,.,.,.,.,0,.,0,0,0,.,.,.,.,.,.,.,.,0,.,0,0,0,.,.,0,.,.,1,0,.,.,1,.,.,0,.,.,.,.,.,0,.,0,0,0,.,0,.,.,.,.,.,.,1,1,0,2,3,0.069,0.712,0.55,0.301,0.712,1,Control,581,567,571,574,574,572,577,580,584,588,591,591,590,586,580,572,567,561,559,559,558
MCBEE PARK,.,.,.,.,.,.,.,.,.,.,.,.,.,.,.,.,0,0,.,.,.,0,.,0,.,.,0,.,.,.,0,.,0,.,.,.,.,.,.,0,.,0,.,.,.,0,.,0,.,.,0,.,.,.,0,.,.,.,.,0,.,.,.,.,0,.,.,.,0,.,.,0,.,.,.,0,.,.,.,.,0,.,.,0,.,0,0,.,0,.,.,.,0,.,.,.,0,.,.,.,.,.,.,0,0,.,.,.,0,.,.,.,.,0,.,.,.,0,.,.,0,.,.,.,.,.,1,.,0,.,.,.,1,.,.,.,.,0,.,.,.,0,.,.,0,.,.,.,.,.,0,0,.,.,0,.,0,.,0,.,0,.,.,.,.,.,.,.,0,.,0,0,.,.,.,.,.,.,.,.,0,.,0,.,0,0,.,0,0,.,.,.,.,0,.,1,.,1,.,.,0,.,.,.,0,.,0,0,.,.,0,.,.,.,1,.,0,.,0,.,0,.,.,0,.,0,0,.,0,.,.,.,.,0,.,.,.,1,.,.,0,5,3,0,2,.,0.188,1,0.882,0.674,0.994,0,Control,78,75,72,73,71,69,69,70,70,69,69,68,67,64,65,67,67,68,68,68,62
MCVEY CREEK,.,.,.,0,.,0,.,0,.,0,0,.,.,0,.,0,.,.,0,.,.,.,.,.,.,.,0,0,0,.,.,.,.,.,.,.,.,0,0,.,.,.,0,.,.,.,.,.,.,0,.,0,0,0,.,.,.,.,.,.,.,.,0,0,0,.,0,0,.,.,.,.,0,.,0,0,.,.,0,0,0,.,.,.,.,.,0,0,.,.,0,0,.,.,.,.,.,.,.,0,.,0,.,.,.,.,.,.,.,0,.,.,0,.,.,0,0,.,.,.,.,0,.,0,.,.,0,0,.,.,0,0,0,.,.,0,0,0,0,1,.,.,.,.,.,0,.,0,.,.,0,.,0,.,.,.,.,0,.,0,.,.,.,0,.,1,.,.,0,.,0,.,0,0,0,.,1,.,.,0,.,0,.,1,.,.,1,0,1,.,.,.,.,0,.,.,.,1,.,1,1,.,0,.,0,.,.,0,.,.,1,.,1,.,1,.,0,0,.,.,.,.,.,.,0,.,1,.,.,.,1,.,.,.,.,1,.,.,1,.,1,2,2,.,.,.,0.334,0.146,1,0,0,0,Treatment,131,134,136,135,137,136,138,139,143,146,141,143,136,114,111,109,112,117,116,115,115
MEADOW CREEK,.,.,.,0,.,.,0,0,.,0,0,.,.,.,.,.,.,.,0,.,.,1,0,1,.,1,0,0,0,0,.,.,1,1,.,.,.,0,.,1,.,0,.,.,0,.,1,.,.,.,0,.,.,0,.,.,1,.,.,.,.,.,.,.,0,.,.,0,.,.,1,.,.,.,0,.,.,1,.,.,.,0,.,.,.,.,0,.,.,0,.,1,1,.,1,.,0,.,.,.,1,.,.,.,.,1,.,.,.,0,.,.,.,.,.,.,0,.,.,0,.,1,.,.,.,.,.,0,.,.,1,0,.,0,.,.,.,.,.,.,.,1,.,1,.,.,.,0,.,0,.,.,.,.,0,.,0,.,.,.,.,.,.,0,.,.,0,.,1,.,.,.,.,.,.,1,.,.,0,.,0,.,.,.,.,1,.,.,.,.,.,0,0,.,.,.,1,.,0,.,.,.,.,.,0,.,.,.,.,.,0,.,.,0,.,.,0,.,1,0,.,.,.,.,.,.,1,.,.,.,0,.,.,.,.,0,.,.,0,.,.,.,4,.,.,.,0,0,0.767,0,0,0,Treatment,214,210,203,196,184,177,176,174,177,176,177,176,174,172,169,172,172,169,169,169,169
MID FORK SMITH,0,.,0,.,0,.,.,.,.,.,.,.,0,.,1,.,.,0,.,.,.,.,.,.,.,0,.,0,0,0,0,.,1,0,.,.,0,.,0,.,.,.,0,.,.,.,.,.,.,0,0,.,0,.,.,.,.,.,.,.,.,0,0,.,0,0,.,.,.,.,.,.,.,.,0,.,0,.,0,0,.,.,0,.,0,.,0,0,.,.,0,.,.,.,.,.,.,0,0,0,.,0,.,.,.,.,.,.,.,0,.,0,.,.,0,.,0,.,.,.,.,0,0,.,.,.,.,0,.,0,.,.,.,.,0,.,.,0,.,.,.,.,0,.,.,.,0,.,.,0,0,.,0,.,.,.,.,.,.,0,.,.,.,0,0,.,.,.,.,0,0,.,0,.,.,0,.,.,.,0,.,.,0,.,.,.,0,.,0,0,.,.,.,0,.,.,0,.,0,1,1,.,.,0,.,.,0,0,0,.,.,.,.,.,.,.,0,.,.,0,0,.,.,.,.,.,.,.,0,.,0,0,.,.,0,0,0,.,.,.,.,1,0,2,2,3,0,0.935,0.46,0.993,1,0.767,Control,390,392,389,388,387,387,388,389,388,390,389,391,390,387,384,384,384,383,383,381,381
MID SMITH RIDGE,.,0,.,0,0,.,0,0,.,.,.,.,.,0,.,0,0,.,0,0,0,.,.,.,.,0,.,0,0,.,.,.,.,.,.,.,0,.,0,.,.,.,0,0,.,.,.,.,.,0,.,0,0,.,.,.,.,.,.,.,.,0,.,0,0,0,.,.,.,.,.,.,.,.,0,.,0,.,0,0,.,.,0,.,.,0,0,0,.,.,0,0,.,.,.,.,.,.,0,0,.,.,.,.,.,.,.,.,.,0,.,.,0,0,.,.,.,.,.,.,0,.,.,0,.,.,.,0,.,.,.,.,.,.,.,0,1,0,.,1,.,.,0,1,.,.,0,.,.,0,.,.,.,0,.,.,.,.,.,0,.,1,0,.,.,.,0,.,.,0,0,1,.,.,.,1,.,0,.,0,.,.,.,0,.,.,.,0,0,0,.,.,.,.,.,1,.,.,0,0,.,0,.,0,.,.,.,.,.,1,.,0,.,0,1,.,.,0,.,0,.,1,.,.,1,.,.,0,.,.,.,.,1,.,.,0,0,.,1,.,.,0,1,3,7,4,0,0.662,0.737,0.379,0.737,0.993,Control,539,539,542,541,539,542,543,542,544,544,543,543,539,539,532,530,527,524,524,524,524
MILLER CREEK,.,.,0,0,0,0,0,0,.,0,0,.,0,.,.,0,.,.,0,.,.,.,.,.,.,0,0,.,0,.,.,.,0,.,0,.,.,0,0,.,.,.,0,0,.,.,.,.,.,0,0,0,.,.,0,0,.,.,.,.,.,.,1,1,.,1,.,.,.,1,.,1,1,.,.,1,.,.,.,.,.,1,.,.,.,.,1,.,1,.,.,.,.,.,0,.,.,.,.,0,.,.,0,.,.,1,.,.,.,0,.,.,.,.,.,0,.,0,.,.,.,.,0,.,.,.,1,.,.,.,1,0,.,0,.,.,.,.,.,.,1,.,.,0,.,.,0,.,.,.,.,.,.,1,.,0,0,.,0,.,.,.,0,0,.,.,.,.,0,.,.,0,0,.,.,.,0,.,.,.,0,.,0,0,.,.,0,0,0,0,.,.,0,.,0,.,0,.,.,.,.,.,.,.,.,1,0,0,0,0,0,.,.,0,.,.,1,.,0,1,0,.,.,.,.,.,.,.,0,.,0,.,.,.,0,.,.,.,.,.,.,.,2,.,.,.,0,0.089,1,0,0,0,Treatment,206,206,210,210,209,209,206,210,212,211,210,208,208,202,205,196,191,186,184,182,182
MISERY CREEK,.,0,.,.,0,.,.,.,.,0,.,0,.,.,.,0,0,0,.,0,.,0,0,.,.,.,0,.,.,0,.,.,.,0,.,.,.,0,.,.,.,.,.,.,.,0,0,.,.,.,.,0,.,.,.,0,.,0,.,.,.,.,.,.,.,0,.,0,.,.,0,.,.,.,.,.,.,0,.,.,.,.,0,0,.,0,.,.,.,.,.,.,0,.,0,.,.,.,0,.,.,.,.,.,0,.,.,0,.,.,.,.,.,0,.,.,.,.,.,.,0,.,0,0,.,.,0,0,.,.,.,.,0,.,0,.,0,.,.,.,.,.,.,.,0,.,.,.,0,.,.,0,.,.,.,.,.,0,.,0,.,0,.,.,.,1,0,0,.,1,0,.,.,0,.,1,.,.,1,.,.,1,.,.,.,.,0,.,.,.,1,.,.,.,.,.,0,.,.,.,0,.,1,.,.,.,0,.,.,.,.,.,.,1,.,1,.,.,.,.,.,1,.,.,.,1,.,1,.,.,.,.,1,.,.,.,0,.,.,1,1,2,5,.,.,.,0.662,0.265,1,0,0,0,Treatment,291,290,293,292,294,293,294,296,299,303,308,308,305,303,306,309,305,288,287,287,287
MISSOURI BEND,.,.,.,.,.,.,.,.,.,.,.,.,.,.,0,0,.,.,.,.,0,0,.,.,.,0,0,0,1,0,.,.,.,0,.,.,.,0,0,0,.,.,0,0,.,.,.,0,.,.,0,0,.,0,.,.,0,0,.,.,.,.,.,.,0,.,0,0,.,.,.,.,.,.,0,0,.,0,0,0,.,0,1,.,.,.,1,.,.,1,.,0,.,0,.,.,.,.,.,.,1,1,1,.,.,1,.,.,.,.,.,1,.,.,1,.,.,.,.,1,0,.,.,.,.,.,1,.,.,1,.,.,.,.,.,0,.,.,.,1,.,.,0,.,.,.,1,.,.,.,.,1,.,.,.,1,.,0,.,.,.,.,.,0,.,.,.,0,.,.,0,.,.,.,.,1,.,.,1,.,.,.,.,1,.,.,.,0,.,.,1,.,.,0,.,.,.,.,1,.,.,1,.,.,.,.,.,0,.,.,.,.,1,.,1,.,.,.,.,0,.,.,0,.,.,.,.,1,.,.,.,.,1,.,.,0,.,.,0,.,.,2,1,1,5,3,0,0.849,0.849,0.277,0.849,1,Control,274,278,282,280,281,278,281,285,291,292,292,284,284,283,284,286,285,271,270,269,269
MOUNT POPO,.,0,0,0,0,0,.,0,.,.,.,.,0,.,0,.,0,0,.,.,0,.,0,.,.,0,0,0,0,0,.,.,0,.,.,.,0,.,0,0,.,0,.,0,.,0,.,.,.,.,0,.,0,0,.,.,.,.,.,.,0,.,0,.,0,0,.,.,.,.,.,.,.,.,.,0,.,0,.,0,0,.,0,0,.,0,.,.,0,0,.,.,.,.,.,.,.,0,.,0,0,.,.,.,.,.,.,.,.,0,0,.,0,.,0,0,0,.,.,.,.,.,0,0,.,.,0,0,.,.,.,.,0,.,1,.,.,0,1,0,.,.,.,0,.,.,.,.,0,.,0,.,.,1,1,.,.,.,.,0,1,0,.,.,.,.,.,.,.,0,1,.,1,1,0,.,1,.,.,0,0,0,.,.,.,0,.,.,1,0,1,0,.,.,.,0,0,.,1,1,0,.,.,0,.,.,.,1,.,.,1,0,.,0,.,.,.,0,.,0,0,.,.,.,.,1,0,.,.,0,1,0,.,0,.,.,.,.,.,.,0,.,.,.,.,0,0.663,0,0,0,0,0.277,Control,616,616,613,612,613,611,612,613,615,614,615,619,620,616,615,613,613,606,604,600,596
NELSON CREEK,.,.,0,0,0,.,0,0,.,0,0,.,.,0,.,.,.,.,0,.,.,.,.,.,.,0,0,0,.,1,.,.,0,.,.,.,.,.,1,.,0,.,.,.,0,.,.,.,.,.,0,.,0,.,.,.,0,.,.,0,.,.,0,.,.,.,0,.,.,0,0,0,.,.,.,0,.,0,.,.,.,0,.,.,.,.,0,.,0,.,.,.,0,0,0,.,.,.,.,0,.,.,0,.,.,0,0,0,.,.,0,.,.,0,.,.,0,.,.,.,.,.,.,1,.,.,1,.,0,.,.,.,.,.,.,0,.,.,.,1,.,.,0,.,.,.,.,0,.,.,0,.,.,1,.,.,.,.,0,.,.,.,.,1,.,.,1,.,.,.,0,.,.,0,.,.,1,.,.,.,0,.,.,0,.,1,1,.,0,1,.,.,.,.,.,0,.,.,.,.,0,.,1,.,.,.,.,.,1,.,.,1,.,.,1,.,.,.,.,1,.,.,.,0,.,.,0,.,.,.,1,.,.,.,.,1,.,.,.,0,.,5,1,.,.,.,0,0.622,1,0,0,0,Treatment,125,127,125,124,127,126,119,118,120,128,126,132,131,121,120,114,105,105,96,89,79
NORTH BRANCH CEDAR,.,0,.,0,.,0,.,.,0,0,.,.,.,.,0,0,.,.,.,0,.,.,0,.,0,.,0,0,0,0,.,.,.,.,.,.,0,.,0,.,.,0,.,.,0,.,.,0,.,0,.,.,.,0,.,0,.,.,.,.,0,.,.,0,0,.,0,.,.,0,.,0,.,.,0,0,.,.,0,.,0,.,0,.,0,.,0,.,0,.,.,.,0,0,0,0,.,0,0,0,.,.,.,.,.,.,.,.,.,1,.,.,1,0,0,0,.,.,.,.,0,.,0,.,0,0,1,0,.,.,.,0,.,.,.,.,1,0,0,.,.,1,0,.,0,.,.,.,.,0,.,.,.,0,.,1,.,1,.,.,0,.,.,.,.,.,.,1,1,.,.,.,0,1,0,0,0,.,0,.,.,0,0,.,0,0,.,.,.,.,.,0,.,.,0,.,0,.,0,.,.,.,.,.,.,0,0,.,.,.,0,0,.,.,.,.,0,.,.,0,1,.,.,.,.,.,.,.,.,0,0,.,0,1,.,.,.,.,.,.,.,0,.,3,.,4,0,0.76,0.088,0.617,0.067,1,Control,420,424,420,420,419,418,423,424,428,433,434,439,438,435,430,426,419,413,412,409,409
NORTH CLEVELAND,0,0,.,0,.,.,0,.,.,.,.,.,0,.,0,0,.,.,.,.,.,.,.,.,0,.,0,.,.,.,0,0,0,.,.,.,0,.,0,0,.,.,0,0,0,0,.,.,0,.,0,.,0,.,.,.,.,0,.,.,.,.,0,0,.,.,0,0,0,.,.,.,1,.,.,.,1,.,.,1,.,.,0,.,.,0,0,0,1,.,.,0,.,.,1,0,.,0,.,.,.,.,0,0,.,1,.,.,0,.,.,.,1,.,.,.,0,.,.,0,0,.,.,.,.,.,.,.,0,.,.,0,.,1,.,.,1,.,0,.,.,.,.,.,.,1,.,.,.,.,.,.,.,0,0,.,.,0,.,.,.,.,.,1,.,.,0,.,.,0,.,.,.,.,.,0,.,0,.,.,.,0,1,.,.,0,.,.,.,0,.,.,.,1,.,.,.,.,.,.,1,.,0,.,0,.,0,.,0,.,.,0,.,.,0,.,0,.,1,.,.,.,.,1,.,.,1,.,0,.,.,.,.,1,.,.,.,1,.,.,.,4,5,.,.,.,0.05,0.962,0.985,0,0,0,Treatment,309,309,308,308,308,310,308,311,309,309,313,310,309,310,308,305,301,300,300,299,295
NORTH DEADWOOD,.,0,0,.,0,0,.,.,.,.,.,.,0,.,0,0,.,.,0,0,0,.,.,.,.,0,0,0,.,.,0,.,.,.,.,.,0,.,0,0,.,.,0,0,.,.,.,.,.,.,.,0,.,0,0,.,.,0,.,.,0,.,0,.,.,.,0,0,.,.,.,.,.,0,.,0,0,0,0,0,.,0,0,.,0,.,0,.,0,1,.,1,.,1,.,.,.,0,.,.,.,1,.,.,.,.,.,0,.,0,0,.,.,.,0,.,0,.,.,.,.,0,1,.,.,.,.,1,.,.,0,.,.,.,.,.,1,.,1,.,.,.,.,0,.,0,.,.,.,.,.,.,.,1,1,.,.,.,.,1,.,.,.,.,.,1,.,.,.,.,.,1,.,.,.,.,1,.,1,.,.,.,.,.,1,.,.,0,.,.,.,1,.,.,.,1,.,.,1,1,0,.,.,1,.,.,.,.,1,0,.,1,.,1,.,.,.,.,.,.,1,.,.,.,.,1,.,0,1,.,.,.,1,.,.,.,1,.,.,1,9,5,6,.,.,.,0.958,0.871,1,0,0,0,Treatment,290,290,290,292,290,294,292,292,291,294,297,290,288,280,274,273,268,267,267,267,267
NORTH FORK ALSEA,.,.,0,.,0,.,.,.,.,.,.,.,0,.,0,0,.,0,.,.,.,.,0,0,.,.,0,0,0,0,0,0,0,.,.,.,0,.,1,1,.,0,.,1,.,.,.,.,.,.,0,.,0,.,0,0,0,.,0,.,.,.,0,.,0,0,0,0,.,.,.,.,0,.,0,0,.,.,.,.,.,.,.,.,.,1,0,.,.,1,.,.,.,1,.,0,0,.,.,0,.,.,1,.,1,.,.,.,.,1,.,.,.,.,1,.,.,1,.,0,.,0,0,.,.,0,.,1,.,.,.,.,.,0,.,1,.,.,1,.,.,.,.,0,.,.,.,0,.,0,.,.,.,0,.,0,.,0,.,.,.,.,.,1,.,.,.,0,.,.,.,0,.,.,1,1,1,0,1,.,.,0,0,.,.,0,.,.,0,.,.,1,.,.,.,1,.,1,0,.,0,1,.,.,.,.,.,0,.,.,0,0,.,.,.,.,.,0,0,.,0,0,.,.,.,.,.,.,.,0,0,.,.,.,0,.,.,.,.,.,4,2,4,1,3,4,0.54,0.87,0.87,0.506,0.506,1,Control,505,509,502,506,510,496,492,492,496,489,488,484,467,459,452,449,450,445,445,443,437
NORTH FORK ROCK,.,.,1,.,.,.,.,1,.,.,.,.,.,1,.,.,.,.,.,.,.,.,.,.,.,0,.,.,.,.,.,.,.,.,.,.,.,.,.,.,.,.,.,.,.,.,.,.,.,.,.,.,.,0,.,0,.,0,.,1,.,1,.,.,.,.,0,.,.,.,0,0,.,.,0,.,.,.,1,.,.,0,0,0,0,.,0,.,0,.,.,.,.,.,.,.,0,.,0,.,1,1,0,0,.,.,.,.,0,.,0,0,0,1,.,.,1,.,.,1,.,.,0,0,.,.,.,.,.,.,.,.,.,.,0,0,.,0,.,.,0,.,.,.,0,.,0,0,0,0,.,0,0,.,.,.,0,.,0,.,0,.,0,0,0,0,.,.,.,0,0,1,.,1,.,.,.,1,.,.,0,.,0,0,.,.,0,0,1,0,.,0,.,0,1,.,.,0,.,.,.,.,.,.,.,0,.,0,.,.,0,.,.,.,.,.,.,0,0,1,0,.,.,.,.,.,.,.,0,.,0,.,.,.,0,0,.,.,.,.,.,2,3,2,2,6,0.023,0.743,0.706,0.41,0.395,0.87,Control,439,438,434,432,428,430,428,428,425,413,415,412,404,398,392,389,394,389,389,386,386
NORTH PRONG,0,.,0,0,0,0,.,.,0,.,.,.,.,0,0,.,0,.,0,0,0,.,.,.,.,.,0,0,0,.,.,.,.,.,.,.,.,0,.,0,0,.,.,.,.,.,.,.,.,0,1,0,0,.,0,.,0,.,0,.,0,.,.,.,0,0,0,.,0,.,.,.,.,.,.,0,0,.,0,.,0,0,0,.,0,.,0,0,0,.,1,.,.,0,0,0,.,1,.,.,0,.,.,.,0,.,.,.,1,.,.,.,.,.,1,.,.,0,.,.,0,.,0,0,.,.,0,0,0,.,0,0,.,0,0,.,.,0,0,.,.,.,.,.,0,.,1,0,0,.,.,.,.,.,.,.,0,.,.,1,0,.,.,.,1,0,.,.,.,0,.,0,0,1,1,.,1,.,.,.,1,1,.,.,0,.,.,.,.,1,.,.,.,.,1,.,.,.,.,.,0,1,.,.,.,.,0,.,.,.,.,1,.,.,0,.,.,.,.,1,.,1,.,.,.,1,.,.,.,0,.,.,1,.,.,.,.,1,.,.,3,1,0,0,2,1,0.386,0.443,0.596,0.253,0.403,0.706,Control,536,538,538,539,544,546,550,554,557,562,567,563,566,566,568,562,564,548,541,540,540
OLD MAN ROCK CANYON,.,.,0,.,.,0,.,.,0,.,0,.,.,.,0,0,.,.,0,0,.,.,0,.,0,.,0,0,0,.,.,.,.,.,.,.,0,.,0,.,.,.,0,0,0,0,.,0,0,.,0,.,0,.,.,.,.,.,.,.,.,0,0,.,.,.,0,0,.,.,.,.,.,.,0,0,1,0,.,0,.,1,0,.,0,.,0,0,0,.,.,.,0,0,.,.,.,0,0,.,0,.,.,.,.,.,.,.,0,.,0,0,.,.,1,0,.,.,1,.,.,.,0,0,.,1,.,.,.,0,.,0,0,0,.,.,0,.,0,.,.,.,0,.,.,.,.,0,.,.,.,.,.,0,1,.,.,0,.,.,.,.,.,.,0,0,.,0,0,.,.,.,.,0,.,0,0,1,.,.,.,1,.,.,.,1,.,.,.,0,.,.,.,.,.,.,0,.,.,.,0,.,1,.,.,0,.,.,.,0,.,.,1,1,0,.,.,.,0,.,.,.,.,.,.,1,1,.,.,1,.,.,.,.,1,.,.,.,1,.,1,3,3,.,.,.,0.304,0.092,0.891,0,0,0,Treatment,412,414,413,411,413,414,416,415,415,418,421,414,414,410,411,412,415,403,403,401,400
OLIVER VALLEY,.,0,.,0,0,0,.,.,.,0,0,.,0,.,0,0,.,.,.,0,0,.,.,.,.,0,.,0,0,.,.,.,.,.,.,.,.,0,.,.,.,.,0,0,0,0,0,.,.,.,0,.,0,.,0,.,.,0,.,.,.,.,.,0,.,.,0,0,.,.,.,.,0,.,0,0,.,.,0,0,0,.,.,.,.,0,0,.,.,.,0,0,.,.,.,.,0,.,0,.,0,0,0,.,.,.,.,.,1,.,0,1,.,1,.,.,.,0,0,0,0,.,.,0,.,0,.,.,.,.,.,.,0,.,0,0,.,0,.,.,.,.,.,.,0,.,.,.,0,.,.,.,.,.,.,.,.,0,0,.,0,.,.,0,0,0,.,.,.,0,0,.,0,.,.,.,.,.,.,.,.,0,0,0,0,0,.,.,.,.,.,.,0,0,.,0,0,0,.,.,.,.,.,.,.,0,0,0,.,.,0,0,.,.,.,.,0,.,0,0,0,.,.,.,.,.,.,.,.,0,0,.,0,.,0,.,.,.,0,.,.,3,1,0,3,7,0.044,0.941,0.94,0.415,0.789,0.891,Control,233,238,235,241,239,239,235,200,197,196,200,202,197,187,187,180,179,173,168,162,162
PAT CREEK,0,.,0,.,0,0,.,.,.,.,.,.,0,.,.,0,.,.,0,0,.,.,.,.,.,0,0,.,0,.,.,.,.,.,.,.,.,0,0,0,.,.,0,0,.,0,0,.,.,0,.,0,1,0,0,1,0,.,.,0,0,.,.,.,0,.,0,0,.,.,.,.,.,.,0,0,.,.,0,.,0,.,.,.,.,.,.,0,.,0,.,.,0,.,.,0,1,.,.,0,1,0,.,.,.,.,.,.,.,.,0,.,0,.,1,.,0,0,0,0,0,.,0,0,.,.,0,0,.,.,.,.,0,.,0,0,.,.,0,1,.,.,0,.,0,.,0,0,.,.,0,0,.,.,.,.,.,0,.,0,.,1,.,.,.,.,0,.,.,0,0,.,.,.,.,0,1,.,.,.,.,1,0,.,.,.,.,0,1,.,.,.,.,.,.,0,.,.,.,1,.,.,0,.,.,.,.,0,.,.,.,1,.,0,.,.,.,.,1,0,1,.,.,.,1,.,1,.,.,.,0,.,.,.,.,1,.,.,0,.,.,0,3,.,.,.,0.002,0.496,0.977,0,0,0,Treatment,159,159,159,160,162,165,167,167,164,162,156,153,154,153,152,152,152,151,151,151,151
PAXTON CREEK,.,.,.,.,.,.,.,.,.,.,.,.,.,.,.,.,.,.,.,.,.,.,.,.,.,.,.,.,.,.,.,.,.,.,.,.,.,.,.,.,.,.,.,.,.,.,.,.,.,.,.,.,.,.,.,.,.,.,0,.,.,.,.,.,.,.,.,.,.,.,.,0,.,.,0,0,0,.,0,0,.,0,0,.,0,0,0,.,0,0,.,.,.,.,.,.,.,1,.,0,0,.,.,.,0,.,.,.,.,0,1,.,.,.,.,.,.,1,.,0,.,1,.,.,1,.,.,.,.,0,.,.,0,.,.,.,0,.,.,.,.,0,.,.,.,.,1,.,.,.,1,.,.,.,.,1,.,.,1,.,.,.,.,1,.,1,.,.,.,1,.,.,.,0,.,.,0,0,.,1,.,.,0,1,.,1,.,.,1,0,0,0,.,.,.,1,.,.,0,.,.,.,1,.,.,.,.,1,.,.,1,.,.,1,.,.,.,1,.,.,.,.,1,.,.,.,1,.,.,1,.,.,.,1,.,.,.,0,.,.,4,4,1,2,4,2,0.729,0.543,0.272,0.452,0.515,0.977,Control,687,687,676,676,680,682,683,687,693,693,693,689,689,687,689,688,687,680,676,667,667
PEACH CREEK,.,.,.,.,.,1,0,.,.,.,0,0,.,.,.,.,0,.,.,.,.,.,0,0,.,0,0,0,.,.,0,0,.,.,.,.,0,.,0,0,.,.,.,.,.,.,.,.,0,.,0,0,.,.,0,0,0,0,.,.,.,.,0,1,0,.,.,.,.,.,.,.,.,.,0,0,.,.,0,0,0,0,.,.,0,.,1,.,0,.,0,0,.,.,.,.,0,.,0,0,.,.,.,.,.,.,.,.,0,.,.,1,.,1,0,.,.,.,1,.,.,0,.,.,0,.,.,.,.,1,.,.,.,.,.,.,0,.,1,.,.,.,0,.,1,.,.,.,.,1,.,.,.,1,0,.,.,1,.,.,.,0,.,.,.,.,.,1,.,0,1,.,.,.,0,0,1,.,.,.,.,0,1,.,.,.,.,1,.,1,.,.,.,.,.,.,1,.,.,.,1,.,.,1,.,.,.,.,.,1,.,.,1,.,1,.,.,.,.,.,1,.,.,.,.,1,.,1,.,.,.,.,.,1,.,.,.,1,.,1,.,3,.,2,.,6,0,0.997,0.003,0.672,0.011,1,Control,513,516,495,495,495,498,498,496,499,502,497,496,491,487,487,490,492,485,485,483,483
PEAK CREEK,.,0,0,.,0,0,.,.,.,.,.,.,0,0,.,.,0,.,.,.,.,0,.,0,.,.,0,.,.,0,.,.,0,.,0,.,.,0,.,.,.,.,0,.,.,.,0,.,.,0,.,.,.,.,0,.,.,0,.,.,.,.,.,.,0,.,.,0,.,0,.,.,.,.,0,0,.,.,0,0,0,.,.,.,.,0,0,.,.,.,0,.,.,.,.,.,0,0,.,.,0,0,.,.,.,.,.,.,0,.,0,0,.,.,0,0,.,.,.,.,0,.,0,0,.,.,.,.,.,.,.,.,0,0,0,0,.,1,.,.,.,.,0,.,0,.,.,.,0,.,.,.,1,.,1,0,.,0,0,.,.,.,1,.,.,.,.,0,.,0,0,.,.,.,.,0,.,.,.,0,.,0,.,.,.,.,.,0,.,1,.,.,.,0,.,.,.,.,0,.,.,0,.,.,.,0,.,0,.,.,.,.,.,.,.,.,1,.,.,.,0,0,.,.,.,.,.,.,0,.,0,.,0,.,.,.,.,.,.,.,.,3,3,.,1,2,0,0.871,0.646,0.003,0.871,0.791,Control,109,110,114,111,111,107,107,100,101,99,100,97,95,93,94,94,95,91,91,91,90
PORTER CREEK,0,.,0,.,0,.,.,.,.,.,.,.,0,.,.,0,0,0,.,.,.,.,.,.,0,0,.,0,0,.,0,0,0,.,.,.,0,.,0,.,0,.,.,.,.,.,.,.,.,0,.,0,.,0,.,0,.,.,.,0,.,.,0,.,.,0,.,.,1,.,.,.,.,.,1,.,.,.,.,.,0,.,0,.,0,.,.,1,.,.,.,.,.,.,.,0,0,.,.,.,.,.,.,0,.,.,0,.,0,.,.,.,.,.,.,1,.,1,.,.,.,0,0,0,.,.,0,0,.,0,.,.,0,0,0,.,.,0,.,.,.,.,.,.,0,.,0,0,.,.,0,0,.,.,.,.,.,0,0,0,.,.,.,.,0,.,0,.,0,.,0,0,0,.,.,0,0,.,.,.,0,0,0,0,1,.,0,1,0,0,.,0,.,1,.,1,.,.,1,.,.,.,0,.,1,.,.,.,.,.,.,0,.,.,1,.,.,.,1,.,.,.,.,.,.,1,.,1,1,.,0,.,.,.,.,1,1,.,.,0,2,3,2,3,4,1,0.847,1,0.425,0.393,0.888,0.897,Control,423,426,427,429,432,438,452,462,474,486,479,463,458,451,443,439,429,423,423,423,423
PRAIRIE PEAK,.,.,0,.,0,0,.,0,0,.,0,.,.,0,0,0,.,.,0,0,.,0,.,.,.,.,0,.,0,.,.,0,0,0,0,0,.,0,0,0,.,0,.,.,.,.,.,.,.,.,0,.,0,.,0,0,.,.,.,.,.,.,0,.,0,.,0,.,.,.,.,.,0,.,0,0,.,.,0,0,0,.,.,.,.,0,1,1,0,0,.,.,.,1,.,.,.,1,.,.,.,.,1,.,1,.,.,.,.,0,.,.,.,0,.,.,.,0,.,.,.,0,1,.,.,.,.,1,.,0,.,.,0,.,.,.,1,.,.,1,.,1,.,.,.,.,.,0,.,.,1,.,.,0,.,.,.,.,1,.,.,.,.,1,.,.,.,1,.,0,.,.,.,.,1,.,.,.,.,1,.,.,1,.,.,.,0,.,.,.,1,.,.,.,0,.,.,.,0,.,.,.,1,.,.,.,.,0,1,.,1,.,.,.,.,1,.,.,.,1,.,.,.,1,.,.,.,0,.,.,0,.,.,.,.,1,.,.,0,.,.,4,6,.,.,.,0,0.824,1,0,0,0,Treatment,338,337,337,320,322,322,320,312,306,305,305,301,301,296,294,289,286,285,282,282,282
PYLE CREEK,0,.,0,0,0,.,0,0,.,.,.,.,0,.,0,0,.,.,0,0,0,.,.,.,0,.,0,0,.,.,0,0,.,.,.,.,.,0,0,0,.,.,0,.,.,.,.,.,0,.,0,.,0,.,.,.,.,0,.,.,.,.,.,0,0,0,0,0,.,.,.,.,.,.,0,0,.,.,0,0,.,.,.,.,0,.,0,0,.,.,0,.,.,.,.,.,1,.,0,.,1,0,.,0,0,.,.,.,.,.,0,.,0,0,.,.,.,0,.,0,1,.,.,.,.,.,.,0,.,.,.,0,.,.,.,.,0,.,.,.,1,.,0,.,.,1,0,1,0,.,.,.,.,.,.,.,.,1,0,.,.,.,0,0,.,.,.,.,1,.,.,0,0,.,.,.,.,0,.,0,0,.,0,0,0,.,0,.,.,.,.,.,.,0,0,0,.,.,0,1,.,0,0,.,0,.,.,0,0,.,.,.,.,.,.,.,1,0,.,0,.,0,0,0,.,.,.,.,0,.,0,.,0,0,.,.,.,.,.,.,0,1,1,1,1,.,0.453,0.96,0.324,0.323,0.323,0,Control,367,368,368,367,368,364,366,367,368,372,371,373,372,370,367,364,364,359,359,359,359
PYTHIAS CAMP,.,0,.,0,0,.,.,.,.,.,.,.,0,.,0,.,.,.,1,1,.,0,.,0,0,.,0,.,0,.,.,1,.,0,0,.,.,1,.,.,.,1,1,.,.,0,.,.,.,.,.,0,0,0,0,.,0,.,0,0,.,1,.,.,0,1,.,.,0,1,.,.,.,0,1,.,.,.,1,.,.,1,.,.,.,.,1,.,.,.,0,.,1,1,.,0,.,.,.,0,1,1,.,.,1,.,.,.,.,.,.,1,0,.,.,.,0,0,.,.,.,.,1,0,0,.,.,1,0,.,1,1,.,.,0,.,0,1,.,.,0,.,.,1,.,0,.,.,.,.,.,1,.,.,.,1,.,.,.,.,1,.,1,.,.,.,.,0,.,.,.,1,.,.,.,.,1,.,0,1,.,0,.,.,0,.,.,.,0,.,.,0,.,.,.,0,.,.,0,.,.,.,1,.,.,.,.,.,.,0,.,0,.,.,1,.,.,.,.,1,.,.,.,1,.,.,.,0,.,0,.,.,.,0,.,.,0,.,.,.,0,1,0,1,0,4,0.109,0.731,0.233,0.721,0.169,0.637,Control,361,361,362,363,362,363,362,362,363,362,358,356,355,352,350,350,351,349,349,349,347
RALEIGH CREEK,.,.,.,.,.,0,0,0,.,0,0,.,.,0,.,0,.,0,.,.,.,0,0,.,.,.,0,.,0,0,0,0,.,.,0,.,.,0,.,0,.,.,0,.,.,.,.,.,.,.,.,1,0,.,.,.,.,.,.,.,.,0,0,.,.,.,.,0,0,.,.,.,.,0,.,0,.,0,.,.,.,.,.,.,.,.,.,1,1,1,.,0,.,0,0,0,.,.,.,0,.,0,.,1,.,0,.,.,.,1,.,0,1,0,.,0,.,.,.,1,.,1,0,.,1,.,.,.,.,1,.,.,.,1,.,.,.,.,.,1,.,.,0,0,.,.,.,1,.,.,.,.,.,0,0,.,.,.,0,.,0,.,.,.,0,1,.,.,.,.,1,.,.,.,.,.,1,.,0,0,.,0,.,0,0,.,.,.,0,0,.,.,.,.,1,.,.,.,0,.,.,0,.,.,.,.,.,0,.,.,1,.,0,.,.,.,0,.,.,.,.,.,0,1,0,.,1,.,.,.,.,.,0,.,.,.,1,.,1,.,.,1,1,.,.,.,0,0.28,0.692,0,0,0,Treatment,461,464,461,463,461,458,462,458,461,459,455,453,455,450,450,448,446,445,445,441,437
ROBINSON RIDGE,0,.,0,.,0,.,.,.,.,.,.,.,0,.,0,.,0,.,0,0,.,.,.,.,.,0,0,0,0,.,.,.,.,.,.,.,0,.,0,.,.,.,0,0,.,.,.,.,0,.,0,.,0,0,.,.,0,.,.,.,.,.,.,0,.,.,0,0,0,0,.,.,.,.,1,.,0,.,0,.,.,.,0,1,0,.,0,0,0,0,.,0,0,1,0,.,.,0,.,0,.,0,.,1,.,0,.,.,0,.,.,0,1,0,.,.,.,.,0,.,0,.,0,0,0,0,.,0,.,0,.,1,0,0,1,.,0,.,.,0,.,.,.,0,0,.,.,0,.,.,0,0,0,.,.,.,0,.,0,.,0,.,.,.,.,.,.,.,.,0,0,0,0,.,0,.,1,.,.,.,.,0,0,0,.,.,.,.,.,.,.,.,.,.,0,0,.,.,.,1,.,1,0,.,.,.,0,0,0,.,.,.,.,.,.,.,1,.,.,.,.,1,.,.,.,.,1,.,0,.,.,.,.,.,1,.,.,1,.,.,.,3,1,1,2,2,0,0.554,0.415,0.927,0.415,0.692,Control,405,409,399,398,404,405,403,400,399,401,398,397,396,394,392,392,394,387,387,387,386
ROCK CREEK,.,.,.,0,.,0,.,.,.,.,.,.,0,.,0,0,.,.,0,.,.,.,.,.,.,0,.,0,.,.,0,0,.,.,.,.,0,.,0,0,.,.,0,.,.,.,.,.,.,.,0,0,.,.,.,.,.,.,.,.,.,0,0,.,0,.,0,.,.,.,.,.,.,0,0,0,.,.,1,0,.,.,0,0,0,.,.,0,0,1,.,.,.,.,0,.,.,0,.,.,.,.,.,0,.,.,.,0,.,.,.,.,0,.,.,0,.,.,.,0,.,.,0,0,.,.,1,0,.,0,.,0,.,.,.,0,.,0,0,.,.,.,.,.,.,0,.,0,.,0,.,.,.,0,0,.,.,.,0,.,0,.,.,.,.,.,.,.,.,1,.,0,.,0,0,.,.,.,0,.,.,.,0,.,0,1,.,.,0,.,.,.,.,.,0,.,1,0,0,0,.,.,0,0,.,.,1,.,0,.,.,0,.,.,1,1,0,.,0,.,0,.,.,.,.,.,.,.,0,.,0,1,.,.,0,0,.,.,.,.,.,2,1,.,.,.,0,0.977,1,0,0,0,Treatment,331,333,335,335,334,333,333,336,338,343,338,335,333,329,324,325,323,319,317,317,317
SAN ANTONE CREEK,.,.,0,.,0,0,0,0,.,.,0,.,0,.,0,0,.,.,0,0,.,.,.,.,.,.,0,0,0,.,.,.,.,.,.,.,.,0,0,0,0,.,0,0,.,.,.,.,.,.,0,0,.,.,0,0,0,0,.,.,.,0,0,.,.,.,0,0,.,.,.,.,.,0,0,.,.,0,.,.,.,0,1,1,0,.,0,0,.,.,0,0,0,0,0,0,.,.,0,.,0,1,0,.,0,.,.,.,.,0,0,.,.,.,0,.,0,.,.,.,.,0,0,0,.,.,.,0,0,.,.,.,.,0,.,.,0,0,0,.,.,1,.,1,.,0,.,.,.,.,.,0,0,0,.,.,.,.,0,0,.,.,0,.,0,0,.,.,0,.,0,0,.,.,.,.,.,.,.,.,0,.,0,.,0,.,0,0,.,.,.,.,0,0,.,0,0,0,0,0,.,0,.,.,0,.,1,.,0,1,.,1,.,0,0,1,0,.,0,0,.,.,.,.,.,.,.,.,0,.,0,0,.,.,0,0,.,.,.,.,.,.,6,.,.,.,0,0,0.984,0,0,0,Treatment,103,104,104,103,99,98,91,93,88,77,78,76,72,71,70,70,67,63,63,63,63
SHEEPHERDER CREEK,0,.,0,0,0,0,.,.,.,.,.,.,0,.,.,0,0,0,.,0,.,.,.,.,.,0,0,0,1,0,0,.,.,0,.,.,0,.,0,0,0,.,.,.,.,.,.,.,.,0,0,0,0,.,.,.,.,.,.,.,.,.,0,.,0,1,.,.,0,.,.,0,.,.,.,0,.,0,0,.,.,.,0,.,.,.,.,0,.,.,.,.,0,.,0,.,.,.,1,.,.,.,.,.,0,.,0,.,.,0,.,.,.,.,.,.,.,1,.,1,.,.,1,.,.,.,.,.,.,0,.,0,.,.,.,.,0,.,.,.,.,1,.,1,.,.,.,1,.,.,.,.,.,1,.,1,.,.,.,.,.,0,.,.,0,.,.,0,.,0,.,.,.,.,.,0,.,.,0,.,1,.,.,.,.,.,.,0,.,.,1,.,.,.,.,.,.,0,.,.,.,1,.,1,.,.,.,.,.,.,1,.,.,1,1,.,.,.,.,.,1,1,.,.,.,1,.,0,.,1,.,.,.,.,.,.,1,.,1,.,.,.,1,1,.,5,0,0.09,0.151,0.241,0.09,0.984,Control,439,441,440,440,442,442,450,448,445,445,440,440,437,436,431,429,423,420,420,418,415
SKUNK CREEK BLM,.,.,0,.,0,.,.,.,.,.,.,.,0,.,0,0,.,.,0,0,.,0,0,0,.,0,0,0,0,0,.,.,.,.,.,.,.,0,0,0,.,0,.,.,.,.,.,.,.,.,0,.,0,0,.,0,.,0,0,.,.,.,0,.,0,.,.,0,0,.,.,0,0,0,.,.,.,0,.,.,.,0,.,.,.,.,1,.,0,0,0,.,0,0,.,0,.,0,1,.,.,1,.,.,1,.,.,.,.,0,.,.,0,.,0,0,.,0,.,.,.,0,0,.,1,.,.,0,.,.,0,.,0,.,0,0,0,0,.,.,.,.,.,.,0,0,0,.,.,0,0,0,0,.,.,.,.,0,0,.,.,0,.,.,.,.,.,.,0,.,0,.,0,.,.,.,.,.,.,.,1,.,1,.,1,1,.,.,.,.,.,1,.,0,1,.,1,.,.,1,.,.,.,1,.,.,.,.,1,.,.,.,0,.,.,1,.,.,.,1,1,.,.,1,.,.,.,1,.,.,1,1,0,0,1,.,.,.,0,0,2,4,2,5,1,0,0.371,0.644,0.646,0.646,0.394,0.151,Control,292,293,299,294,289,294,292,296,299,298,288,286,285,283,280,273,268,261,255,255,255
SOUTH BEND,0,.,.,.,.,.,0,.,.,0,.,.,.,.,0,.,.,.,0,.,.,0,.,.,.,0,.,0,.,.,.,.,0,.,.,.,.,0,.,.,.,.,0,.,.,0,.,.,.,0,.,.,.,.,.,0,.,0,.,.,0,.,.,.,.,.,0,.,.,.,0,.,.,.,.,.,.,0,.,.,.,0,0,0,0,.,.,.,.,.,.,.,0,.,0,.,0,.,.,.,.,.,.,0,.,.,0,.,.,0,.,.,.,.,1,.,.,.,.,0,.,0,.,.,0,.,.,.,.,.,0,.,.,0,.,.,.,.,.,.,0,.,.,0,0,.,0,.,.,.,.,.,.,0,0,0,.,1,.,.,.,.,.,0,.,0,.,0,0,.,.,.,.,.,1,.,.,.,0,1,.,0,0,.,.,0,0,.,1,0,0,.,.,.,0,.,0,.,.,0,.,0,.,.,0,.,.,.,.,.,1,.,.,1,.,.,.,0,.,1,.,.,1,.,.,.,1,.,.,1,.,.,.,1,1,.,.,.,.,.,6,4,.,5,5,3,1,1,0.075,0.756,0.71,0.394,Control,281,283,284,288,287,291,293,293,296,304,309,295,301,310,308,306,297,281,281,281,280
SOUTH FORK ALSEA,.,0,0,0,0,0,0,0,.,.,0,.,0,0,0,.,.,.,0,0,.,.,.,.,0,.,0,0,0,0,.,0,0,0,.,.,0,.,0,.,.,.,0,.,0,0,.,.,.,.,0,0,0,.,.,.,.,.,.,.,.,.,0,0,.,.,0,.,.,.,.,.,.,0,0,.,.,.,0,0,0,.,.,.,0,0,0,.,.,.,0,0,.,.,.,.,0,.,0,0,0,.,.,.,.,.,.,.,0,0,0,.,.,.,0,0,.,.,.,.,.,0,0,0,0,.,.,.,.,.,.,.,0,.,.,.,0,.,.,.,.,.,.,.,0,.,0,0,0,.,0,0,0,0,.,.,0,.,0,0,.,.,0,0,0,.,.,.,0,.,0,0,0,.,.,.,.,.,.,.,0,.,.,0,1,1,.,.,.,.,.,0,0,.,0,0,.,1,0,.,.,.,1,.,.,.,.,1,.,.,.,1,.,.,1,.,.,.,1,.,.,0,.,.,.,.,1,.,.,0,.,.,.,0,.,.,.,1,.,.,2,2,2,0,1,3,0.468,0.845,0.83,0.132,0.131,0.541,Control,495,490,490,491,490,491,490,480,485,485,480,482,482,482,471,468,464,465,453,453,451
SOUTH FORK ROCK,.,.,.,0,.,.,.,.,.,.,.,.,.,0,0,.,.,.,.,.,.,0,.,.,.,.,.,.,.,.,.,.,.,.,.,.,.,.,.,.,0,0,.,.,.,.,.,0,.,.,0,1,.,0,.,0,.,0,.,.,.,0,.,.,.,0,.,0,0,.,.,.,.,.,0,.,.,.,0,0,0,.,.,.,.,0,0,0,1,.,0,.,.,.,.,.,0,.,.,1,.,1,0,.,.,.,.,.,0,.,0,.,0,0,0,0,0,0,0,.,0,.,0,.,0,.,.,.,.,.,.,.,.,0,.,.,.,1,.,0,.,0,.,1,.,0,0,.,.,0,.,.,0,.,.,.,1,.,0,.,.,.,1,.,.,.,.,0,0,.,0,.,.,0,.,.,0,1,.,.,.,0,0,.,.,.,0,.,0,.,.,.,0,.,.,.,0,.,.,.,0,.,.,0,.,1,.,1,.,.,0,.,.,1,.,.,0,0,.,.,0,.,.,.,0,.,.,.,0,.,.,.,.,0,.,.,1,.,.,.,0,1,2,0,1,6,0.938,1,0.938,0.125,0.651,0.975,Control,247,248,247,246,245,245,245,245,246,247,247,247,244,241,241,241,239,240,239,239,239
SOUTH SULMAN,.,.,.,.,.,.,.,.,.,.,.,.,.,.,.,0,.,0,0,0,0,.,.,.,0,.,0,0,0,0,.,.,.,.,.,.,0,.,0,0,0,.,0,0,.,.,.,.,.,0,.,0,.,.,0,0,0,0,0,.,0,.,0,.,0,.,.,.,.,.,.,.,1,1,.,0,1,0,.,.,.,0,.,.,.,0,.,0,.,.,1,.,.,1,0,.,.,0,.,1,1,.,.,.,1,.,.,.,.,0,.,.,.,1,.,.,.,.,1,.,.,1,.,.,.,.,.,1,.,0,.,.,.,.,1,.,.,.,1,.,.,.,1,.,.,0,.,.,.,.,.,1,.,1,.,.,.,1,1,.,0,.,.,.,.,.,0,.,.,1,.,.,.,.,0,.,.,1,.,.,.,.,.,0,.,.,.,0,.,.,.,0,.,.,0,.,.,.,1,.,.,.,1,.,.,.,.,.,1,.,.,1,.,.,.,0,.,.,.,0,.,.,0,.,.,.,0,.,.,.,1,.,.,.,0,.,.,0,.,.,4,0,3,.,1,.,0.678,0.999,0.513,0.069,0.478,0,Control,286,292,295,297,297,297,298,296,284,280,279,272,270,262,259,255,250,243,243,235,233
STILSON CREEK,.,0,0,.,.,0,.,.,.,.,0,0,0,0,0,.,.,0,1,0,.,1,.,1,.,0,0,.,0,.,.,0,0,.,1,.,.,1,.,.,.,1,.,.,.,1,.,.,.,.,.,0,.,.,1,0,.,1,0,1,.,0,.,.,.,.,0,.,.,.,0,.,.,.,0,.,.,1,.,.,.,1,.,.,.,1,.,.,0,.,.,.,1,.,.,.,1,.,.,.,.,.,.,1,.,0,.,.,0,.,.,.,0,.,.,.,.,1,.,.,.,0,.,.,0,0,.,0,.,.,.,.,.,0,.,.,.,.,.,.,0,.,.,1,.,0,.,.,.,.,.,.,0,.,0,.,0,.,.,.,.,.,0,.,1,.,.,1,0,.,.,.,.,1,.,.,0,1,.,1,.,0,1,.,.,.,1,.,.,.,.,.,0,0,0,.,1,.,.,.,0,.,.,1,.,0,.,0,.,.,1,.,.,0,.,.,0,.,.,.,0,.,.,.,0,.,.,.,0,.,.,0,.,0,.,.,0,.,.,.,1,3,2,0,1,3,0.222,0.962,0.962,0.192,0.414,0.599,Control,217,218,217,219,221,220,223,224,225,225,221,224,221,217,218,220,217,213,213,212,212
SWARTZ CREEK,.,.,0,1,.,0,0,.,1,0,.,.,1,.,.,0,.,.,.,0,.,1,.,.,.,.,1,.,.,.,.,.,0,.,.,.,.,1,1,1,.,1,.,.,.,1,.,.,.,1,.,.,.,.,.,1,.,.,.,0,.,.,0,.,.,.,.,.,0,.,.,1,.,0,.,.,.,.,.,.,0,.,.,0,.,1,.,.,0,.,.,.,.,.,0,.,.,0,.,.,.,.,.,0,.,.,.,0,.,0,.,.,.,.,0,.,0,.,.,.,.,0,.,.,.,.,.,.,.,1,0,.,1,.,.,.,.,.,1,.,.,.,1,.,1,.,.,.,.,.,.,0,.,1,.,.,.,.,0,.,.,1,.,.,0,.,.,.,0,.,.,.,.,0,.,.,.,.,0,.,0,.,.,.,.,0,.,.,.,1,.,.,.,0,.,.,0,.,.,.,1,.,.,.,0,.,.,.,.,.,0,.,0,.,.,.,.,0,.,.,.,1,.,.,0,.,.,.,.,1,.,.,1,.,.,.,1,.,.,.,.,1,1,2,2,2,0,0.917,0.897,1,1,0.843,Control,24,25,26,26,24,25,26,28,28,27,25,25,24,23,22,25,23,20,20,19,19
SWEET CREEK,.,0,0,.,0,0,.,.,.,.,.,.,.,0,0,0,0,.,0,0,.,.,.,.,0,.,0,.,0,.,.,.,.,.,.,.,.,0,.,0,0,.,.,.,.,.,.,.,.,0,0,.,0,.,.,.,.,.,.,.,0,.,0,.,0,.,0,0,.,.,.,.,.,.,0,0,0,.,0,0,.,.,.,.,.,.,0,.,0,0,.,.,.,.,.,.,.,0,.,0,0,.,.,.,.,.,.,.,0,.,0,1,.,0,.,.,.,.,.,.,.,.,0,.,0,0,1,.,.,.,0,.,.,0,.,.,.,0,.,1,.,0,.,1,.,.,.,.,.,.,.,.,0,.,0,.,.,0,.,.,0,.,.,.,.,.,0,.,1,.,.,.,.,.,.,1,.,.,1,.,0,.,.,.,0,.,0,0,.,.,0,.,.,.,.,1,.,.,.,.,.,1,1,.,.,.,.,.,.,0,0,0,.,.,1,.,0,.,.,.,.,.,.,1,0,.,.,1,.,0,1,.,.,.,1,.,.,.,0,1,.,0,.,.,.,3,0,0.163,0,0,0,0.163,Control,370,371,359,362,362,362,364,364,364,364,364,362,357,357,355,353,350,347,345,342,342
TAYLOR CREEK,0,.,0,.,.,0,0,.,.,.,.,.,0,0,0,.,.,.,0,0,0,.,.,.,.,0,0,0,0,.,.,.,.,.,.,.,0,.,0,.,.,.,0,0,.,.,.,.,0,.,0,0,0,0,0,0,.,0,0,0,0,.,0,0,0,0,1,.,.,.,0,.,.,.,1,.,0,.,.,.,.,0,0,.,0,.,1,0,0,.,0,0,0,0,.,0,0,.,0,.,0,0,.,.,.,.,.,.,0,.,0,0,0,.,0,.,.,.,.,.,0,.,0,.,.,.,0,0,.,.,.,.,0,.,0,0,.,0,.,.,.,.,.,.,0,.,1,.,.,1,0,1,.,1,.,.,.,0,0,.,1,0,.,.,.,.,.,0,0,.,0,.,.,1,.,.,.,.,1,.,.,1,.,.,.,.,0,.,.,.,0,.,.,.,0,.,.,0,.,.,1,.,1,.,1,.,.,.,.,.,1,.,.,1,.,.,.,0,.,.,.,.,0,.,.,.,1,.,.,.,.,.,1,.,.,.,1,.,.,1,5,2,1,3,1,1,0.892,0.587,0.124,0.43,0.479,0.163,Control,523,527,531,529,528,518,519,526,530,537,532,534,536,528,525,523,519,513,513,509,509
UPPER ELK,0,.,0,.,0,0,.,0,.,.,.,0,0,.,0,.,.,.,0,.,.,.,.,.,.,0,0,0,.,.,0,0,.,.,.,.,.,0,0,0,.,.,.,.,.,.,.,.,.,.,.,0,1,.,1,.,1,.,1,0,.,.,1,.,.,.,0,.,.,.,0,.,.,0,.,.,1,.,.,0,1,0,1,.,.,.,.,.,0,.,.,.,0,.,0,.,.,.,0,.,.,.,.,.,0,.,.,0,1,.,.,.,.,.,.,0,.,.,.,0,.,.,0,.,.,.,.,1,.,.,1,0,.,.,.,1,.,.,.,.,1,.,.,1,.,.,.,0,.,1,.,.,1,.,1,.,.,.,0,.,.,.,.,.,.,1,1,.,1,.,.,.,.,.,.,1,.,0,.,.,.,0,.,0,0,0,0,.,1,.,0,.,.,.,1,.,.,.,.,1,.,.,0,.,.,.,1,.,.,.,.,.,1,.,0,.,.,.,.,0,.,.,.,.,.,1,1,.,.,.,1,.,.,.,.,1,.,.,0,.,2,4,3,.,.,.,0.46,0.907,1,0,0,0,Treatment,281,279,282,281,283,285,270,269,269,273,280,280,279,273,277,267,258,254,252,252,252
UPPER MCVEY CREEK,.,.,.,0,.,0,.,0,0,.,0,.,.,.,.,.,.,.,.,.,.,.,.,.,.,.,0,.,.,0,.,.,.,.,.,.,.,.,0,.,0,.,0,0,0,.,.,.,.,.,0,.,0,0,.,0,.,.,.,.,.,.,0,0,.,0,0,0,.,.,.,.,.,.,0,0,0,0,0,.,.,.,.,.,.,.,0,.,.,.,0,0,.,.,.,.,.,.,.,0,.,0,.,.,.,.,.,.,.,.,0,0,.,.,0,0,.,.,.,.,.,.,.,0,.,0,0,.,.,.,.,.,.,.,0,.,.,0,.,.,.,.,.,.,.,.,0,0,.,.,0,0,.,.,.,.,.,.,0,0,.,.,0,0,.,0,.,.,.,.,0,0,.,1,0,0,.,.,1,0,.,.,1,.,0,0,.,0,.,0,0,.,.,.,0,.,1,0,.,0,.,1,0,.,.,.,0,.,1,1,.,1,0,.,0,.,.,.,0,1,0,.,.,.,.,.,0,.,.,.,1,.,1,.,0,0,0,.,.,.,2,0,3,.,.,.,0.562,0.307,0.869,0,0,0,Treatment,144,146,150,152,156,163,178,183,185,162,152,148,139,127,125,122,121,117,117,116,109
UPPER SHEEPHERDER,.,0,0,0,0,0,.,.,.,.,.,.,0,.,.,.,0,0,.,.,0,0,0,0,.,0,0,.,0,.,.,.,.,.,.,.,0,.,0,0,.,.,0,0,.,.,.,.,.,0,0,.,0,0,.,.,.,.,.,.,.,.,0,.,.,.,0,.,.,.,.,.,.,.,0,0,.,.,0,0,.,0,.,.,0,0,0,0,.,.,.,0,0,.,.,.,.,.,.,0,0,.,0,0,0,.,.,.,.,0,0,.,0,.,0,0,.,.,.,.,.,0,0,0,.,.,0,.,0,0,.,.,0,.,.,.,0,0,0,0,0,1,.,1,.,0,.,.,.,0,.,.,.,.,.,.,.,.,0,0,0,0,.,.,0,.,.,0,.,1,.,.,.,.,.,1,.,.,1,.,1,.,.,.,.,.,.,1,.,.,1,.,.,.,.,.,.,1,.,.,.,0,.,1,.,.,.,.,.,.,1,.,.,1,1,.,.,.,.,.,1,.,.,.,.,1,.,0,.,.,.,.,.,1,.,.,0,.,1,.,1,0,1,2,.,2,0.102,0.102,0.157,0.157,0,0.869,Control,278,278,278,276,276,276,276,278,277,276,278,277,275,274,271,268,268,263,263,263,263
VELVET CREEK,.,0,.,.,0,.,0,.,0,.,.,.,.,.,.,.,.,0,.,0,.,0,.,.,.,.,0,.,.,.,0,.,.,0,.,.,.,0,.,.,.,.,1,.,.,0,0,.,.,0,.,.,.,.,0,.,.,0,.,.,.,.,0,.,.,.,.,0,.,.,0,.,.,.,.,.,0,.,.,.,.,0,.,0,.,.,0,.,.,.,.,.,0,.,0,.,.,0,.,.,.,.,.,1,.,0,.,.,0,.,.,.,.,0,.,.,.,.,.,0,0,.,0,.,1,.,0,0,.,0,.,.,0,.,0,.,.,.,0,.,.,.,.,1,.,0,.,.,.,1,.,0,.,0,0,.,.,.,.,.,0,.,.,0,.,.,0,.,.,0,.,.,.,0,.,0,.,0,.,.,.,1,.,.,.,1,.,.,.,1,.,.,.,.,1,.,.,.,.,.,.,0,.,0,.,.,.,0,.,.,.,1,.,.,1,.,.,.,.,0,.,.,.,0,.,.,0,1,.,.,1,.,.,1,.,.,.,.,1,.,3,2,4,.,.,.,0.37,0.63,0.851,0,0,0,Treatment,246,245,246,245,248,249,249,254,255,255,259,256,250,252,252,248,244,239,239,238,238
WALKER CREEK WEST,.,.,.,0,0,0,.,.,.,.,.,.,0,.,.,0,0,.,.,.,0,.,.,0,.,0,0,0,.,.,.,.,.,.,.,.,.,.,0,0,.,0,.,.,.,.,.,.,.,.,0,.,0,.,.,.,.,.,.,.,0,.,0,.,0,0,0,.,.,.,.,.,0,.,0,0,.,.,0,0,0,.,0,.,.,0,0,0,.,.,0,0,0,.,.,.,.,0,0,.,.,0,.,.,.,.,.,.,.,0,0,0,.,.,0,.,0,.,.,.,.,0,1,.,1,1,1,1,.,1,.,.,.,0,1,1,.,.,.,.,1,.,.,1,.,0,.,.,.,0,.,.,0,.,0,.,.,.,0,.,.,.,.,.,1,0,.,.,0,.,.,.,.,.,.,0,.,.,1,.,.,0,.,.,.,0,.,.,.,1,.,.,.,1,.,.,.,.,.,.,0,.,0,.,.,.,0,.,.,.,.,0,.,1,.,.,.,0,.,.,.,0,0,0,.,.,0,.,1,.,.,.,.,.,.,.,0,1,.,.,.,.,2,.,.,.,0,0,1,0,0,0,Treatment,69,72,65,65,62,62,61,63,60,62,59,58,59,58,56,53,51,51,51,51,51
WEST FORK DEADWOOD,.,0,.,.,.,.,0,.,.,0,.,.,.,.,.,0,.,.,.,0,.,0,.,.,.,.,.,.,.,.,.,.,.,.,.,.,0,.,.,.,.,0,.,.,.,.,0,0,0,0,.,.,0,0,0,0,.,0,.,.,.,.,0,.,0,0,.,.,0,0,0,.,.,.,0,.,0,.,.,.,.,0,.,.,.,.,0,.,.,.,.,.,0,.,.,0,.,0,.,.,.,.,.,.,1,.,0,.,.,0,.,.,.,.,.,.,0,.,.,1,.,.,0,.,.,.,.,.,0,.,.,0,.,.,.,.,1,.,.,.,.,0,.,0,.,.,0,.,.,.,.,.,.,0,0,.,.,0,.,.,.,.,.,.,0,0,0,.,.,1,.,.,.,.,.,0,.,.,0,.,0,.,.,.,.,.,.,0,.,.,0,.,.,.,.,.,0,.,.,.,0,.,0,.,.,.,.,.,.,1,0,.,1,.,0,.,.,.,.,.,1,.,.,.,.,0,.,1,.,1,.,.,.,.,.,0,.,.,0,.,1,1,2,.,.,.,0.133,0.197,1,0,0,0,Treatment,183,184,185,184,183,184,185,186,184,183,183,183,184,183,183,183,182,183,183,181,180
WHEELER CREEK,.,.,0,.,0,0,.,0,.,0,0,.,.,.,.,0,.,0,.,0,0,0,.,.,.,0,.,0,0,.,0,0,.,0,0,.,.,0,0,.,.,.,0,.,.,.,.,.,0,.,.,0,0,.,0,.,.,.,.,.,.,.,.,0,.,0,0,0,.,.,.,.,.,0,0,.,.,.,0,0,.,0,.,.,.,.,0,.,0,.,0,0,.,.,0,.,.,.,0,0,.,0,0,0,0,0,.,.,.,0,0,.,.,.,0,0,0,.,0,.,.,0,0,0,0,.,.,.,.,.,.,.,.,.,0,.,0,.,0,0,.,.,0,.,.,0,.,.,0,.,.,.,.,0,0,0,.,.,.,0,0,.,.,.,0,0,.,.,.,.,0,0,.,0,.,.,0,.,0,0,.,0,0,0,.,.,0,.,0,.,.,.,.,.,0,.,.,.,0,0,0,0,.,.,.,.,0,.,.,.,.,0,1,.,0,.,0,.,.,.,.,.,.,1,.,.,1,.,.,.,.,.,0,.,1,.,.,.,0,.,2,2,2,.,.,.,0.436,0.511,0.511,0,0,0,Treatment,226,221,212,223,225,226,216,205,175,172,160,154,145,139,139,135,134,132,132,132,131
WHITE HOUSE PIT,.,.,.,.,.,.,.,0,.,0,0,0,.,.,.,.,0,.,.,0,.,.,0,0,.,0,0,.,0,.,0,.,0,.,0,.,.,.,0,.,.,.,0,.,.,0,.,.,.,.,.,1,.,.,0,.,.,.,.,0,.,.,.,.,0,.,.,0,.,.,0,.,.,.,.,0,.,.,.,.,0,.,.,0,.,0,.,.,.,.,.,0,.,.,0,.,0,.,.,.,.,.,0,.,0,.,.,.,0,.,.,.,.,0,.,.,.,0,.,.,0,.,.,.,.,.,0,.,.,0,.,.,0,.,.,.,.,.,1,.,.,0,.,.,0,0,.,.,.,.,0,.,.,1,.,.,0,.,.,.,.,.,0,.,.,.,0,.,0,.,.,.,.,.,0,.,.,0,.,.,0,.,.,.,.,0,.,.,0,.,.,.,0,.,.,.,0,.,.,.,.,0,.,.,0,.,.,.,.,.,1,.,.,.,0,.,0,.,.,.,0,.,.,0,.,.,.,.,0,.,.,.,.,0,.,.,.,0,.,.,1,2,3,1,3,1,0.374,0.475,0.959,0.48,0.799,0.511,Control,51,50,52,55,57,57,58,58,56,58,58,59,71,61,58,54,51,39,39,39,35
WHITTAKER CREEK,.,.,0,.,.,0,0,0,.,.,0,.,0,.,.,0,0,.,.,.,.,.,.,.,.,0,.,0,0,.,.,.,.,.,.,.,0,.,.,0,.,.,0,0,0,.,.,.,.,0,.,0,0,.,0,.,0,0,0,.,.,.,.,0,0,0,0,.,.,.,.,.,.,0,0,.,.,.,0,.,0,.,.,.,.,0,0,0,.,.,0,0,.,.,.,.,.,0,0,0,.,.,.,.,.,.,.,.,.,0,0,.,0,0,.,0,0,0,.,.,.,0,0,.,.,.,0,.,0,.,.,.,.,0,.,0,.,0,0,0,.,.,.,.,0,.,.,0,0,0,.,.,.,.,.,.,.,0,.,0,1,.,1,.,0,0,.,.,.,0,0,.,0,0,1,0,.,.,0,0,.,0,0,0,1,.,.,1,1,.,.,0,.,0,.,.,1,.,1,.,.,.,0,.,.,.,0,.,.,0,.,.,.,.,.,.,0,.,0,0,0,.,.,.,.,.,.,.,.,0,0,1,.,1,.,.,1,.,.,1,2,0,4,2,2,1,0.17,0.17,0.659,0.659,0.659,0.279,Control,466,461,461,462,460,461,459,460,459,461,459,456,453,453,450,447,446,440,439,439,435
